holat,boshqaruv,ssenariy,sis_trip,eng_past_sath,eng_yuqori_sath,alarm_zonasi_min,quyilgan_reja_nisbati,quyish_davomiyligi_min,diagnostika_min
normal,operator,0,0,28.94,68.75,0.0,1.007,185.0,
normal,mpc,0,0,28.86,68.75,0.0,1.009,191.5,
normal,mpc_r,0,0,28.75,68.71,0.0,1.012,199.5,
normal,mpc_rft,0,0,28.75,68.71,0.0,1.012,199.5,
normal,operator,1,0,32.84,47.64,0.0,1.062,63.5,
normal,mpc,1,0,34.5,47.64,0.0,0.998,66.5,
normal,mpc_r,1,0,34.5,47.64,0.0,0.998,66.5,
normal,mpc_rft,1,0,34.5,47.64,0.0,0.998,66.5,
normal,operator,2,0,27.85,60.13,0.0,0.999,180.0,
normal,mpc,2,0,27.98,60.08,0.0,0.996,185.0,
normal,mpc_r,2,0,28.04,60.13,0.0,0.995,187.0,
normal,mpc_rft,2,0,28.04,60.13,0.0,0.995,187.0,
normal,operator,3,0,30.99,56.35,0.0,0.978,128.5,
normal,mpc,3,0,30.94,56.3,0.0,0.979,133.5,
normal,mpc_r,3,0,30.94,56.3,0.0,0.979,133.5,
normal,mpc_rft,3,0,30.94,56.3,0.0,0.979,133.5,
normal,operator,4,0,26.93,51.71,0.0,0.998,100.5,
normal,mpc,4,0,26.98,51.67,0.0,0.997,115.0,
normal,mpc_r,4,0,27.1,51.71,0.0,0.993,107.0,
normal,mpc_rft,4,0,27.1,51.71,0.0,0.993,107.0,
normal,operator,5,0,26.58,81.69,0.0,1.024,108.0,
normal,mpc,5,0,26.98,81.65,0.0,1.013,117.0,
normal,mpc_r,5,0,26.67,81.65,0.0,1.021,121.0,
normal,mpc_rft,5,0,26.67,81.65,0.0,1.021,121.0,
normal,operator,6,0,30.3,71.22,0.0,1.024,140.0,
normal,mpc,6,0,31.02,71.18,0.0,1.002,141.0,
normal,mpc_r,6,0,31.02,71.18,0.0,1.002,141.0,
normal,mpc_rft,6,0,31.02,71.18,0.0,1.002,141.0,
normal,operator,7,0,30.41,78.12,0.0,1.032,133.0,
normal,mpc,7,0,31.0,78.06,0.0,1.018,143.0,
normal,mpc_r,7,0,31.0,78.06,0.0,1.018,143.0,
normal,mpc_rft,7,0,31.0,78.06,0.0,1.018,143.0,
normal,operator,8,0,30.96,77.39,0.0,1.001,95.0,
normal,mpc,8,0,31.13,77.34,0.0,0.995,98.0,
normal,mpc_r,8,0,31.13,77.34,0.0,0.995,98.0,
normal,mpc_rft,8,0,31.13,77.34,0.0,0.995,98.0,
normal,operator,9,0,33.49,57.18,0.0,0.998,96.5,
normal,mpc,9,0,33.47,57.13,0.0,0.999,102.5,
normal,mpc_r,9,0,33.47,57.13,0.0,0.999,102.5,
normal,mpc_rft,9,0,33.47,57.13,0.0,0.999,102.5,
normal,operator,10,0,29.43,65.96,0.0,1.033,173.5,
normal,mpc,10,0,30.4,65.92,0.0,1.015,176.5,
normal,mpc_r,10,0,30.4,65.92,0.0,1.015,176.5,
normal,mpc_rft,10,0,30.4,65.92,0.0,1.015,176.5,
normal,operator,11,0,31.48,68.19,0.0,0.994,69.0,
normal,mpc,11,0,31.74,68.14,0.0,0.987,76.5,
normal,mpc_r,11,0,31.76,68.14,0.0,0.986,76.5,
normal,mpc_rft,11,0,31.76,68.14,0.0,0.986,76.5,
normal,operator,12,0,34.16,76.39,0.0,0.983,95.5,
normal,mpc,12,0,34.1,76.34,0.0,0.985,102.0,
normal,mpc_r,12,0,34.1,76.34,0.0,0.985,102.0,
normal,mpc_rft,12,0,34.1,76.34,0.0,0.985,102.0,
normal,operator,13,0,33.33,54.0,0.0,0.989,186.0,
normal,mpc,13,0,33.45,53.95,0.0,0.986,189.0,
normal,mpc_r,13,0,33.45,53.95,0.0,0.986,189.0,
normal,mpc_rft,13,0,33.45,53.95,0.0,0.986,189.0,
normal,operator,14,0,37.49,67.64,0.0,1.004,198.5,
normal,mpc,14,0,37.81,67.59,0.0,0.996,206.0,
normal,mpc_r,14,0,37.81,67.59,0.0,0.996,206.0,
normal,mpc_rft,14,0,37.81,67.59,0.0,0.996,206.0,
normal,operator,15,0,30.32,69.67,0.0,0.999,104.5,
normal,mpc,15,0,30.58,69.64,0.0,0.993,108.0,
normal,mpc_r,15,0,30.49,69.62,0.0,0.995,114.0,
normal,mpc_rft,15,0,30.49,69.62,0.0,0.995,114.0,
normal,operator,16,0,39.2,64.37,0.0,0.995,108.0,
normal,mpc,16,0,38.91,64.32,0.0,1.005,127.0,
normal,mpc_r,16,0,38.91,64.32,0.0,1.005,127.0,
normal,mpc_rft,16,0,38.91,64.32,0.0,1.005,127.0,
normal,operator,17,0,32.75,77.21,0.0,1.029,101.5,
normal,mpc,17,0,34.53,77.16,0.0,0.993,108.5,
normal,mpc_r,17,0,34.53,77.16,0.0,0.993,108.5,
normal,mpc_rft,17,0,34.53,77.16,0.0,0.993,108.5,
normal,operator,18,0,28.95,65.07,0.0,1.008,177.0,
normal,mpc,18,0,29.64,65.01,0.0,0.994,181.0,
normal,mpc_r,18,0,29.55,65.01,0.0,0.996,183.0,
normal,mpc_rft,18,0,29.55,65.01,0.0,0.996,183.0,
normal,operator,19,0,27.38,63.2,0.0,1.041,69.5,
normal,mpc,19,0,28.67,63.15,0.0,1.009,71.5,
normal,mpc_r,19,0,28.78,63.2,0.0,1.006,75.5,
normal,mpc_rft,19,0,28.78,63.2,0.0,1.006,75.5,
normal,operator,20,0,31.29,57.36,0.0,1.037,57.0,
normal,mpc,20,0,32.68,57.31,0.0,0.988,60.5,
normal,mpc_r,20,0,32.73,57.35,0.0,0.986,60.5,
normal,mpc_rft,20,0,32.73,57.35,0.0,0.986,60.5,
normal,operator,21,0,35.57,51.0,0.0,1.0,72.5,
normal,mpc,21,0,35.67,50.94,0.0,0.998,83.0,
normal,mpc_r,21,0,35.76,50.94,0.0,0.996,81.0,
normal,mpc_rft,21,0,35.76,50.94,0.0,0.996,81.0,
normal,operator,22,0,36.34,81.18,0.0,1.013,119.0,
normal,mpc,22,0,37.52,81.16,0.0,0.981,123.0,
normal,mpc_r,22,0,37.52,81.16,0.0,0.981,123.0,
normal,mpc_rft,22,0,37.52,81.16,0.0,0.981,123.0,
normal,operator,23,0,26.29,80.4,0.0,1.0,244.0,
normal,mpc,23,0,26.38,80.36,0.0,0.999,251.0,
normal,mpc_r,23,0,26.43,80.36,0.0,0.998,253.0,
normal,mpc_rft,23,0,26.43,80.36,0.0,0.998,253.0,
normal,operator,24,0,38.09,55.74,0.0,1.006,167.5,
normal,mpc,24,0,38.36,55.69,0.0,0.998,168.0,
normal,mpc_r,24,0,38.36,55.69,0.0,0.998,168.0,
normal,mpc_rft,24,0,38.36,55.69,0.0,0.998,168.0,
normal,operator,25,0,32.35,69.99,0.0,1.096,47.5,
normal,mpc,25,0,34.11,69.93,0.0,1.026,52.5,
normal,mpc_r,25,0,34.1,69.93,0.0,1.027,52.5,
normal,mpc_rft,25,0,34.1,69.93,0.0,1.027,52.5,
normal,operator,26,0,31.13,67.76,0.0,1.013,112.0,
normal,mpc,26,0,31.5,67.74,0.0,1.0,113.5,
normal,mpc_r,26,0,31.5,67.74,0.0,1.0,113.5,
normal,mpc_rft,26,0,31.5,67.74,0.0,1.0,113.5,
normal,operator,27,0,29.99,67.99,0.0,1.01,121.5,
normal,mpc,27,0,30.68,67.94,0.0,0.993,129.5,
normal,mpc_r,27,0,30.68,67.94,0.0,0.993,129.5,
normal,mpc_rft,27,0,30.68,67.94,0.0,0.993,129.5,
normal,operator,28,0,39.28,60.26,0.0,1.014,137.0,
normal,mpc,28,0,39.67,60.21,0.0,1.003,144.5,
normal,mpc_r,28,0,39.67,60.21,0.0,1.003,144.5,
normal,mpc_rft,28,0,39.67,60.21,0.0,1.003,144.5,
normal,operator,29,0,31.56,76.84,0.0,1.063,94.5,
normal,mpc,29,0,32.63,76.84,0.0,1.018,94.0,
normal,mpc_r,29,0,32.63,76.84,0.0,1.018,94.0,
normal,mpc_rft,29,0,32.63,76.84,0.0,1.018,94.0,
normal,operator,30,0,29.2,48.52,0.0,1.005,168.5,
normal,mpc,30,0,29.91,48.47,0.0,0.99,174.0,
normal,mpc_r,30,0,29.91,48.47,0.0,0.99,174.0,
normal,mpc_rft,30,0,29.91,48.47,0.0,0.99,174.0,
normal,operator,31,0,25.32,81.58,0.0,1.01,82.5,
normal,mpc,31,0,25.87,81.53,0.0,0.999,93.5,
normal,mpc_r,31,0,25.6,81.54,0.0,1.004,85.5,
normal,mpc_rft,31,0,25.6,81.54,0.0,1.004,85.5,
normal,operator,32,0,24.69,58.48,0.0,1.014,246.5,
normal,mpc,32,0,25.0,58.43,0.0,1.009,249.0,
normal,mpc_r,32,0,25.28,58.48,0.0,1.004,249.0,
normal,mpc_rft,32,0,25.28,58.48,0.0,1.004,249.0,
normal,operator,33,0,33.03,81.22,0.0,1.022,151.0,
normal,mpc,33,0,33.81,81.16,0.0,1.005,156.0,
normal,mpc_r,33,0,33.81,81.16,0.0,1.005,156.0,
normal,mpc_rft,33,0,33.81,81.16,0.0,1.005,156.0,
normal,operator,34,0,25.11,53.2,0.0,1.039,154.0,
normal,mpc,34,0,25.94,53.15,0.0,1.012,153.5,
normal,mpc_r,34,0,25.88,53.15,0.0,1.014,165.5,
normal,mpc_rft,34,0,25.88,53.15,0.0,1.014,165.5,
normal,operator,35,0,38.37,62.81,0.0,0.993,215.0,
normal,mpc,35,0,38.51,62.77,0.0,0.99,222.0,
normal,mpc_r,35,0,38.51,62.77,0.0,0.99,222.0,
normal,mpc_rft,35,0,38.51,62.77,0.0,0.99,222.0,
normal,operator,36,0,25.85,76.42,0.0,1.019,89.5,
normal,mpc,36,0,27.18,76.42,0.0,0.988,94.5,
normal,mpc_r,36,0,27.09,76.36,0.0,0.99,102.5,
normal,mpc_rft,36,0,27.09,76.36,0.0,0.99,102.5,
normal,operator,37,0,36.67,57.75,0.0,1.052,119.0,
normal,mpc,37,0,37.79,57.7,0.0,1.02,123.0,
normal,mpc_r,37,0,37.79,57.7,0.0,1.02,123.0,
normal,mpc_rft,37,0,37.79,57.7,0.0,1.02,123.0,
normal,operator,38,0,35.99,50.68,0.0,1.008,120.0,
normal,mpc,38,0,36.23,50.68,0.0,1.0,124.5,
normal,mpc_r,38,0,36.23,50.68,0.0,1.0,124.5,
normal,mpc_rft,38,0,36.23,50.68,0.0,1.0,124.5,
normal,operator,39,0,34.35,66.22,0.0,1.018,113.5,
normal,mpc,39,0,35.08,66.18,0.0,0.998,117.5,
normal,mpc_r,39,0,35.08,66.18,0.0,0.998,117.5,
normal,mpc_rft,39,0,35.08,66.18,0.0,0.998,117.5,
normal,operator,40,0,36.41,75.67,0.0,1.027,62.5,
normal,mpc,40,0,37.24,75.62,0.0,1.005,68.5,
normal,mpc_r,40,0,37.51,75.64,0.0,0.999,68.5,
normal,mpc_rft,40,0,37.51,75.64,0.0,0.999,68.5,
normal,operator,41,0,37.48,61.75,0.0,1.012,165.0,
normal,mpc,41,0,38.29,61.7,0.0,0.993,168.0,
normal,mpc_r,41,0,38.29,61.7,0.0,0.993,168.0,
normal,mpc_rft,41,0,38.29,61.7,0.0,0.993,168.0,
normal,operator,42,0,30.53,59.8,0.0,1.063,74.5,
normal,mpc,42,0,32.71,59.79,0.0,1.008,75.0,
normal,mpc_r,42,0,32.65,59.77,0.0,1.009,79.0,
normal,mpc_rft,42,0,32.65,59.77,0.0,1.009,79.0,
normal,operator,43,0,27.59,53.42,0.0,1.052,70.0,
normal,mpc,43,0,29.5,53.37,0.0,1.001,76.5,
normal,mpc_r,43,0,29.49,53.37,0.0,1.002,76.5,
normal,mpc_rft,43,0,29.49,53.37,0.0,1.002,76.5,
normal,operator,44,0,34.49,77.48,0.0,1.012,96.0,
normal,mpc,44,0,34.99,77.46,0.0,0.995,102.5,
normal,mpc_r,44,0,34.99,77.46,0.0,0.995,102.5,
normal,mpc_rft,44,0,34.99,77.46,0.0,0.995,102.5,
normal,operator,45,0,29.39,59.62,0.0,1.018,172.0,
normal,mpc,45,0,30.03,59.57,0.0,1.005,174.0,
normal,mpc_r,45,0,30.03,59.57,0.0,1.005,174.0,
normal,mpc_rft,45,0,30.03,59.57,0.0,1.005,174.0,
normal,operator,46,0,26.46,76.61,0.0,1.003,189.5,
normal,mpc,46,0,26.85,76.56,0.0,0.995,200.0,
normal,mpc_r,46,0,26.85,76.56,0.0,0.995,202.0,
normal,mpc_rft,46,0,26.85,76.56,0.0,0.995,202.0,
normal,operator,47,0,25.1,63.61,0.0,1.016,173.0,
normal,mpc,47,0,25.47,63.6,0.0,1.006,181.0,
normal,mpc_r,47,0,25.63,63.57,0.0,1.002,177.0,
normal,mpc_rft,47,0,25.63,63.57,0.0,1.002,177.0,
normal,operator,48,0,24.87,51.78,0.0,1.009,288.0,
normal,mpc,48,0,25.27,51.72,0.0,1.002,294.0,
normal,mpc_r,48,0,25.2,51.72,0.0,1.003,298.0,
normal,mpc_rft,48,0,25.2,51.72,0.0,1.003,298.0,
normal,operator,49,0,31.48,67.45,0.0,1.008,173.0,
normal,mpc,49,0,31.81,67.4,0.0,1.001,191.0,
normal,mpc_r,49,0,31.81,67.4,0.0,1.001,191.0,
normal,mpc_rft,49,0,31.81,67.4,0.0,1.001,191.0,
f1,operator,0,0,13.17,67.49,603.0,1.348,106.0,
f1,mpc,0,0,28.8,67.44,0.0,1.005,89.0,
f1,mpc_r,0,0,28.58,67.44,0.0,1.01,83.0,
f1,mpc_rft,0,0,28.58,67.44,0.0,1.01,83.0,
f1,operator,1,0,14.14,64.24,555.0,1.455,99.5,
f1,mpc,1,0,29.94,64.24,0.0,1.004,77.0,
f1,mpc_r,1,0,29.88,64.2,0.0,1.005,83.0,
f1,mpc_rft,1,0,29.88,64.2,0.0,1.005,83.0,
f1,operator,2,0,16.89,78.19,407.0,1.184,225.0,
f1,mpc,2,0,27.29,78.14,0.0,1.0,199.5,
f1,mpc_r,2,0,27.36,78.18,0.0,0.999,203.5,
f1,mpc_rft,2,0,27.36,78.18,0.0,0.999,203.5,
f1,operator,3,0,12.33,56.69,533.0,1.273,100.5,
f1,mpc,3,0,27.14,56.64,0.0,1.0,82.0,
f1,mpc_r,3,0,27.08,56.64,0.0,1.001,86.0,
f1,mpc_rft,3,0,27.08,56.64,0.0,1.001,86.0,
f1,operator,4,0,13.49,71.95,511.0,1.324,91.5,
f1,mpc,4,0,25.38,71.93,0.0,1.011,74.5,
f1,mpc_r,4,0,24.81,71.91,0.0,1.026,72.5,
f1,mpc_rft,4,0,24.81,71.91,0.0,1.026,72.5,
f1,operator,5,0,15.93,76.3,473.0,1.504,141.5,
f1,mpc,5,0,34.0,76.26,0.0,0.996,103.5,
f1,mpc_r,5,0,34.0,76.26,0.0,0.996,103.5,
f1,mpc_rft,5,0,34.0,76.26,0.0,0.996,103.5,
f1,operator,6,0,17.39,79.08,443.0,1.68,232.5,
f1,mpc,6,0,39.57,79.05,0.0,0.995,146.0,
f1,mpc_r,6,0,39.57,79.05,0.0,0.995,146.0,
f1,mpc_rft,6,0,39.57,79.05,0.0,0.995,146.0,
f1,operator,7,0,14.39,78.36,568.5,1.558,118.0,
f1,mpc,7,0,32.99,78.24,0.0,1.032,92.0,
f1,mpc_r,7,0,33.6,78.33,0.0,1.015,84.0,
f1,mpc_rft,7,0,33.6,78.33,0.0,1.015,84.0,
f1,operator,8,0,16.91,79.3,354.5,1.503,258.0,
f1,mpc,8,0,36.19,79.25,0.0,1.009,180.5,
f1,mpc_r,8,0,36.19,79.25,0.0,1.009,180.5,
f1,mpc_rft,8,0,36.19,79.25,0.0,1.009,180.5,
f1,operator,9,0,17.54,54.8,361.5,1.225,231.0,
f1,mpc,9,0,27.88,54.75,0.0,0.997,192.0,
f1,mpc_r,9,0,27.91,54.77,0.0,0.996,196.0,
f1,mpc_rft,9,0,27.91,54.77,0.0,0.996,196.0,
f1,operator,10,0,16.02,58.92,499.5,1.411,174.5,
f1,mpc,10,0,31.89,58.87,0.0,1.015,133.5,
f1,mpc_r,10,0,31.89,58.87,0.0,1.015,133.5,
f1,mpc_rft,10,0,31.89,58.87,0.0,1.015,133.5,
f1,operator,11,0,16.52,74.03,472.5,1.449,158.0,
f1,mpc,11,0,30.55,73.99,0.0,1.007,116.5,
f1,mpc_r,11,0,30.55,73.99,0.0,1.007,116.5,
f1,mpc_rft,11,0,30.55,73.99,0.0,1.007,116.5,
f1,operator,12,0,16.15,54.8,525.0,1.804,145.0,
f1,mpc,12,0,36.53,54.75,0.0,1.014,89.5,
f1,mpc_r,12,0,36.53,54.75,0.0,1.014,89.5,
f1,mpc_rft,12,0,36.53,54.75,0.0,1.014,89.5,
f1,operator,13,0,12.81,55.53,610.0,1.691,78.0,
f1,mpc,13,0,33.17,55.49,0.0,1.003,56.5,
f1,mpc_r,13,0,33.2,55.49,0.0,1.002,56.5,
f1,mpc_rft,13,0,33.2,55.49,0.0,1.002,56.5,
f1,operator,14,0,12.49,81.23,578.5,1.749,102.0,
f1,mpc,14,0,39.24,81.2,0.0,1.017,70.5,
f1,mpc_r,14,0,39.31,81.18,0.0,1.015,64.5,
f1,mpc_rft,14,0,39.31,81.18,0.0,1.015,64.5,
f1,operator,15,0,15.94,66.95,510.0,1.317,107.5,
f1,mpc,15,0,27.07,66.9,0.0,0.997,85.5,
f1,mpc_r,15,0,27.36,66.9,0.0,0.988,91.5,
f1,mpc_rft,15,0,27.36,66.9,0.0,0.988,91.5,
f1,operator,16,0,16.99,81.26,492.5,1.659,187.5,
f1,mpc,16,0,39.45,81.21,0.0,0.993,119.5,
f1,mpc_r,16,0,39.45,81.21,0.0,0.993,119.5,
f1,mpc_rft,16,0,39.45,81.21,0.0,0.993,119.5,
f1,operator,17,0,17.96,82.3,339.5,1.53,274.0,
f1,mpc,17,0,36.59,82.25,0.0,0.993,182.5,
f1,mpc_r,17,0,36.59,82.15,0.0,0.993,182.5,
f1,mpc_rft,17,0,36.59,82.15,0.0,0.993,182.5,
f1,operator,18,0,15.7,66.31,490.5,1.351,111.0,
f1,mpc,18,0,27.94,66.29,0.0,0.994,87.0,
f1,mpc_r,18,0,27.96,66.3,0.0,0.994,87.0,
f1,mpc_rft,18,0,27.96,66.3,0.0,0.994,87.0,
f1,operator,19,0,14.91,53.62,549.5,1.45,122.0,
f1,mpc,19,0,31.37,53.58,0.0,1.003,93.5,
f1,mpc_r,19,0,31.39,53.59,0.0,1.002,93.5,
f1,mpc_rft,19,0,31.39,53.59,0.0,1.002,93.5,
f1,operator,20,0,14.02,63.23,491.5,1.751,117.5,
f1,mpc,20,0,38.01,63.21,0.0,1.007,80.5,
f1,mpc_r,20,0,38.01,63.21,0.0,1.007,80.5,
f1,mpc_rft,20,0,38.01,63.21,0.0,1.007,80.5,
f1,operator,21,0,17.13,73.82,409.0,1.146,230.5,
f1,mpc,21,0,25.94,73.77,0.0,0.993,207.0,
f1,mpc_r,21,0,25.97,73.77,0.0,0.992,207.0,
f1,mpc_rft,21,0,25.97,73.77,0.0,0.992,207.0,
f1,operator,22,0,16.61,55.93,497.5,1.91,141.5,
f1,mpc,22,0,36.4,55.9,0.0,0.997,77.0,
f1,mpc_r,22,0,36.4,55.9,0.0,0.997,77.0,
f1,mpc_rft,22,0,36.4,55.9,0.0,0.997,77.0,
f1,operator,23,0,16.6,50.93,537.0,1.528,161.0,
f1,mpc,23,0,32.97,50.88,0.0,1.007,122.5,
f1,mpc_r,23,0,32.97,50.88,0.0,1.007,122.5,
f1,mpc_rft,23,0,32.97,50.88,0.0,1.007,122.5,
f1,operator,24,0,12.64,71.95,603.5,1.422,70.5,
f1,mpc,24,0,27.42,71.9,0.0,0.992,63.0,
f1,mpc_r,24,0,27.42,71.9,0.0,0.992,63.0,
f1,mpc_rft,24,0,27.42,71.9,0.0,0.992,63.0,
f1,operator,25,0,12.98,80.29,533.5,1.327,78.0,
f1,mpc,25,0,26.8,80.25,0.0,0.984,71.0,
f1,mpc_r,25,0,26.51,80.25,0.0,0.991,63.0,
f1,mpc_rft,25,0,26.51,80.25,0.0,0.991,63.0,
f1,operator,26,0,17.11,53.75,421.5,1.529,234.5,
f1,mpc,26,0,36.63,53.69,0.0,1.006,162.0,
f1,mpc_r,26,0,36.63,53.69,0.0,1.006,162.0,
f1,mpc_rft,26,0,36.63,53.69,0.0,1.006,162.0,
f1,operator,27,0,17.6,48.65,510.5,1.58,189.5,
f1,mpc,27,0,36.07,48.64,0.0,0.984,128.5,
f1,mpc_r,27,0,36.07,48.64,0.0,0.984,128.5,
f1,mpc_rft,27,0,36.07,48.64,0.0,0.984,128.5,
f1,operator,28,0,12.67,61.41,530.0,1.439,93.5,
f1,mpc,28,0,30.77,61.41,0.0,1.005,68.0,
f1,mpc_r,28,0,30.69,61.37,0.0,1.007,74.0,
f1,mpc_rft,28,0,30.69,61.37,0.0,1.007,74.0,
f1,operator,29,0,13.84,77.16,583.5,1.568,78.5,
f1,mpc,29,0,28.59,77.1,0.0,1.021,108.5,
f1,mpc_r,29,0,28.81,77.1,0.0,1.013,108.5,
f1,mpc_rft,29,0,28.81,77.1,0.0,1.013,108.5,
f1,operator,30,0,16.58,60.16,319.5,1.301,297.0,
f1,mpc,30,0,30.18,60.16,0.0,1.018,240.0,
f1,mpc_r,30,0,30.18,60.16,0.0,1.018,240.0,
f1,mpc_rft,30,0,30.18,60.16,0.0,1.018,240.0,
f1,operator,31,0,14.07,61.29,494.0,1.656,106.5,
f1,mpc,31,0,36.8,61.29,0.0,0.994,71.0,
f1,mpc_r,31,0,36.79,61.24,0.0,0.994,75.0,
f1,mpc_rft,31,0,36.79,61.24,0.0,0.994,75.0,
f1,operator,32,0,14.58,68.26,522.0,1.314,142.0,
f1,mpc,32,0,27.91,68.21,0.0,1.016,120.5,
f1,mpc_r,32,0,27.86,68.21,0.0,1.017,122.5,
f1,mpc_rft,32,0,27.86,68.21,0.0,1.017,122.5,
f1,operator,33,0,12.29,50.47,542.0,1.284,94.5,
f1,mpc,33,0,25.87,50.45,0.0,1.007,82.5,
f1,mpc_r,33,0,25.87,50.47,0.0,1.007,80.5,
f1,mpc_rft,33,0,25.87,50.47,0.0,1.007,80.5,
f1,operator,34,0,18.44,48.28,308.0,1.418,307.0,
f1,mpc,34,0,36.84,48.24,0.0,0.985,219.0,
f1,mpc_r,34,0,36.84,48.24,0.0,0.985,219.0,
f1,mpc_rft,34,0,36.84,48.24,0.0,0.985,219.0,
f1,operator,35,0,16.62,54.31,416.0,1.331,212.5,
f1,mpc,35,0,32.34,54.26,0.0,0.997,167.0,
f1,mpc_r,35,0,32.34,54.26,0.0,0.997,167.0,
f1,mpc_rft,35,0,32.34,54.26,0.0,0.997,167.0,
f1,operator,36,0,17.06,81.64,460.0,1.711,190.5,
f1,mpc,36,0,38.0,81.63,0.0,0.995,113.0,
f1,mpc_r,36,0,38.0,81.63,0.0,0.995,113.0,
f1,mpc_rft,36,0,38.0,81.63,0.0,0.995,113.0,
f1,operator,37,0,16.89,78.99,441.5,1.231,159.0,
f1,mpc,37,0,25.85,78.97,0.0,0.999,140.0,
f1,mpc_r,37,0,25.79,78.94,0.0,1.0,136.0,
f1,mpc_rft,37,0,25.79,78.94,0.0,1.0,136.0,
f1,operator,38,0,16.36,71.36,476.0,1.31,208.5,
f1,mpc,38,0,32.56,71.31,0.0,0.999,165.0,
f1,mpc_r,38,0,32.56,71.31,0.0,0.999,165.0,
f1,mpc_rft,38,0,32.56,71.31,0.0,0.999,165.0,
f1,operator,39,0,14.33,70.73,468.0,1.5,144.0,
f1,mpc,39,0,36.5,70.69,0.0,1.011,104.0,
f1,mpc_r,39,0,36.5,70.69,0.0,1.011,104.0,
f1,mpc_rft,39,0,36.5,70.69,0.0,1.011,104.0,
f1,operator,40,0,16.24,71.99,535.5,1.418,170.5,
f1,mpc,40,0,33.57,71.97,0.0,0.999,127.0,
f1,mpc_r,40,0,33.57,71.97,0.0,0.999,127.0,
f1,mpc_rft,40,0,33.57,71.97,0.0,0.999,127.0,
f1,operator,41,0,13.98,68.43,581.5,1.545,116.5,
f1,mpc,41,0,37.5,68.38,0.0,0.997,85.0,
f1,mpc_r,41,0,37.5,68.38,0.0,0.997,85.0,
f1,mpc_rft,41,0,37.5,68.38,0.0,0.997,85.0,
f1,operator,42,0,17.45,68.01,406.0,1.822,210.5,
f1,mpc,42,0,39.14,67.99,0.0,0.998,121.0,
f1,mpc_r,42,0,39.14,67.99,0.0,0.998,121.0,
f1,mpc_rft,42,0,39.14,67.99,0.0,0.998,121.0,
f1,operator,43,0,14.03,77.69,564.5,1.556,110.5,
f1,mpc,43,0,33.33,77.64,0.0,1.0,78.5,
f1,mpc_r,43,0,33.32,77.64,0.0,1.0,78.5,
f1,mpc_rft,43,0,33.32,77.64,0.0,1.0,78.5,
f1,operator,44,0,12.59,63.13,586.5,1.482,104.0,
f1,mpc,44,0,34.63,63.1,0.0,1.007,83.0,
f1,mpc_r,44,0,34.66,63.09,0.0,1.006,75.0,
f1,mpc_rft,44,0,34.66,63.09,0.0,1.006,75.0,
f1,operator,45,0,13.28,79.99,555.0,1.31,83.5,
f1,mpc,45,0,27.53,79.99,0.0,0.978,68.5,
f1,mpc_r,45,0,27.13,79.93,0.0,0.988,70.5,
f1,mpc_rft,45,0,27.13,79.93,0.0,0.988,70.5,
f1,operator,46,0,12.58,63.02,587.0,1.438,63.5,
f1,mpc,46,0,26.14,63.02,0.0,0.99,55.5,
f1,mpc_r,46,0,26.22,63.01,0.0,0.987,51.5,
f1,mpc_rft,46,0,26.22,63.01,0.0,0.987,51.5,
f1,operator,47,0,16.36,64.78,405.0,1.498,206.0,
f1,mpc,47,0,33.96,64.75,0.0,1.016,149.0,
f1,mpc_r,47,0,33.96,64.75,0.0,1.016,149.0,
f1,mpc_rft,47,0,33.96,64.75,0.0,1.016,149.0,
f1,operator,48,0,12.09,76.9,519.5,1.256,101.5,
f1,mpc,48,0,25.72,76.85,0.0,1.009,93.0,
f1,mpc_r,48,0,25.8,76.85,0.0,1.008,91.0,
f1,mpc_rft,48,0,25.8,76.85,0.0,1.008,91.0,
f1,operator,49,0,16.62,62.25,498.0,1.8,168.0,
f1,mpc,49,0,39.8,62.2,0.0,0.99,102.5,
f1,mpc_r,49,0,39.8,62.2,0.0,0.99,102.5,
f1,mpc_rft,49,0,39.8,62.2,0.0,0.99,102.5,
f3,operator,0,0,30.72,88.44,592.0,3.967,,
f3,mpc,0,0,34.4,85.21,42.5,3.957,,
f3,mpc_r,0,0,35.0,84.61,0.0,3.957,,
f3,mpc_rft,0,0,35.0,84.61,0.0,3.957,,
f3,operator,1,0,26.05,87.76,650.0,2.242,400.5,
f3,mpc,1,0,26.12,84.69,0.0,2.811,,
f3,mpc_r,1,0,26.12,84.21,0.0,2.82,,
f3,mpc_rft,1,0,26.12,84.21,0.0,2.82,,
f3,operator,2,0,37.8,88.37,612.5,3.643,,
f3,mpc,2,0,41.56,85.13,80.5,3.632,,
f3,mpc_r,2,0,42.58,84.61,0.0,3.62,,
f3,mpc_rft,2,0,42.58,84.61,0.0,3.62,,
f3,operator,3,0,27.69,87.78,625.0,2.387,436.0,
f3,mpc,3,0,27.99,84.5,0.0,3.105,,
f3,mpc_r,3,0,27.99,83.81,0.0,3.117,,
f3,mpc_rft,3,0,27.99,83.81,0.0,3.117,,
f3,operator,4,0,50.69,88.75,659.0,3.253,,
f3,mpc,4,0,54.26,85.32,118.5,3.251,,
f3,mpc_r,4,0,27.83,84.46,0.0,1.111,222.5,
f3,mpc_rft,4,0,27.83,84.46,0.0,1.111,222.5,
f3,operator,5,0,36.91,88.42,561.0,2.316,357.5,
f3,mpc,5,0,36.9,84.87,0.0,3.799,,
f3,mpc_r,5,0,36.9,84.46,0.0,3.808,,
f3,mpc_rft,5,0,36.9,84.46,0.0,3.808,,
f3,operator,6,0,26.56,88.22,624.5,3.005,465.5,
f3,mpc,6,0,26.71,84.71,0.0,3.736,,
f3,mpc_r,6,0,26.69,84.02,0.0,3.754,,
f3,mpc_rft,6,0,26.69,84.02,0.0,3.754,,
f3,operator,7,0,30.82,87.45,568.0,1.937,351.0,
f3,mpc,7,0,30.92,84.39,0.0,2.728,,
f3,mpc_r,7,0,30.92,83.89,0.0,2.738,,
f3,mpc_rft,7,0,30.92,83.89,0.0,2.738,,
f3,operator,8,0,26.0,88.2,604.5,1.985,370.0,
f3,mpc,8,0,25.6,84.95,0.0,2.849,,
f3,mpc_r,8,0,25.61,84.49,0.0,2.857,,
f3,mpc_rft,8,0,25.61,84.49,0.0,2.857,,
f3,operator,9,0,29.45,86.95,668.5,2.326,412.5,
f3,mpc,9,0,29.62,83.43,0.0,2.568,463.0,
f3,mpc_r,9,0,29.59,83.07,0.0,2.579,463.0,
f3,mpc_rft,9,0,29.59,83.07,0.0,2.579,463.0,
f3,operator,10,0,32.36,86.87,529.5,1.182,177.0,
f3,mpc,10,0,32.61,84.41,0.0,1.543,252.5,
f3,mpc_r,10,0,32.56,83.75,0.0,2.994,,
f3,mpc_rft,10,0,32.56,83.75,0.0,2.994,,
f3,operator,11,0,32.35,86.45,581.0,1.085,157.5,
f3,mpc,11,0,32.59,84.21,0.0,1.334,246.0,
f3,mpc_r,11,0,32.58,83.62,0.0,1.348,246.0,
f3,mpc_rft,11,0,32.58,83.62,0.0,1.348,246.0,
f3,operator,12,0,35.36,87.53,550.0,1.026,123.5,
f3,mpc,12,0,35.55,84.57,0.0,1.022,125.5,
f3,mpc_r,12,0,35.42,84.13,0.0,1.025,125.5,
f3,mpc_rft,12,0,35.42,84.13,0.0,1.025,125.5,
f3,operator,13,0,34.9,87.35,579.5,1.815,260.5,
f3,mpc,13,0,34.85,84.21,0.0,3.452,,
f3,mpc_r,13,0,34.86,83.98,0.0,3.46,,
f3,mpc_rft,13,0,34.86,83.98,0.0,3.46,,
f3,operator,14,0,27.95,89.19,609.5,1.533,143.5,
f3,mpc,14,0,27.66,85.49,226.0,5.366,,
f3,mpc_r,14,0,27.68,84.67,0.0,5.391,,
f3,mpc_rft,14,0,27.68,84.67,0.0,5.391,,
f3,operator,15,0,33.91,86.82,549.0,1.29,173.5,
f3,mpc,15,0,33.92,84.47,0.0,1.421,198.0,
f3,mpc_r,15,0,33.92,83.91,0.0,1.438,198.0,
f3,mpc_rft,15,0,33.92,83.91,0.0,1.438,198.0,
f3,operator,16,0,37.54,86.02,598.0,1.198,108.5,
f3,mpc,16,0,38.34,83.92,0.0,1.33,140.0,
f3,mpc_r,16,0,38.36,83.14,0.0,1.357,140.0,
f3,mpc_rft,16,0,38.36,83.14,0.0,1.357,140.0,
f3,operator,17,0,39.12,87.05,596.5,1.964,353.5,
f3,mpc,17,0,39.34,84.39,0.0,2.918,,
f3,mpc_r,17,0,39.34,83.7,0.0,2.935,,
f3,mpc_rft,17,0,39.34,83.7,0.0,2.935,,
f3,operator,18,0,26.33,87.0,613.5,1.304,244.0,
f3,mpc,18,0,26.69,84.34,0.0,1.418,282.0,
f3,mpc_r,18,0,26.68,83.83,0.0,1.429,282.0,
f3,mpc_rft,18,0,26.68,83.83,0.0,1.429,282.0,
f3,operator,19,0,34.58,87.46,628.0,2.103,332.5,
f3,mpc,19,0,34.71,84.5,0.0,2.903,533.5,
f3,mpc_r,19,0,34.69,83.94,0.0,2.915,533.5,
f3,mpc_rft,19,0,34.69,83.94,0.0,2.915,533.5,
f3,operator,20,0,41.88,87.79,650.0,3.615,,
f3,mpc,20,0,45.53,84.42,0.0,3.607,,
f3,mpc_r,20,0,46.14,83.81,0.0,3.607,,
f3,mpc_rft,20,0,46.14,83.81,0.0,3.607,,
f3,operator,21,0,28.09,86.47,590.0,2.692,432.0,
f3,mpc,21,0,28.04,83.65,0.0,3.473,,
f3,mpc_r,21,0,28.04,83.02,0.0,3.493,,
f3,mpc_rft,21,0,28.04,83.02,0.0,3.493,,
f3,operator,22,0,39.05,88.91,592.5,2.983,,
f3,mpc,22,0,42.59,85.59,254.5,2.979,,
f3,mpc_r,22,0,43.09,85.08,42.5,2.979,,
f3,mpc_rft,22,0,43.09,85.08,42.5,2.979,,
f3,operator,23,0,36.76,88.88,581.0,1.022,107.5,
f3,mpc,23,0,37.44,85.43,207.0,4.518,,
f3,mpc_r,23,0,37.44,84.65,0.0,4.542,,
f3,mpc_rft,23,0,37.44,84.65,0.0,4.542,,
f3,operator,24,0,60.23,87.79,634.0,3.142,,
f3,mpc,24,0,63.91,84.42,0.0,3.137,,
f3,mpc_r,24,0,64.68,83.65,0.0,3.137,,
f3,mpc_rft,24,0,64.68,83.65,0.0,3.137,,
f3,operator,25,0,28.02,87.42,606.5,2.329,370.5,
f3,mpc,25,0,28.11,84.43,0.0,3.634,,
f3,mpc_r,25,0,28.11,83.86,0.0,3.651,,
f3,mpc_rft,25,0,28.11,83.86,0.0,3.651,,
f3,operator,26,0,32.82,87.44,613.0,2.181,193.0,
f3,mpc,26,0,33.16,84.75,0.0,5.456,,
f3,mpc_r,26,0,33.18,84.14,0.0,5.484,,
f3,mpc_rft,26,0,33.18,84.14,0.0,5.484,,
f3,operator,27,0,38.07,88.26,660.0,4.425,,
f3,mpc,27,0,41.51,84.85,0.0,4.425,,
f3,mpc_r,27,0,42.26,84.11,0.0,4.425,,
f3,mpc_rft,27,0,42.26,84.11,0.0,4.425,,
f3,operator,28,0,38.69,87.72,538.0,1.014,108.5,
f3,mpc,28,0,38.73,83.37,0.0,1.784,267.5,
f3,mpc_r,28,0,38.68,82.99,0.0,1.128,133.5,
f3,mpc_rft,28,0,38.68,82.99,0.0,1.128,133.5,
f3,operator,29,0,28.89,88.23,628.0,1.657,191.5,
f3,mpc,29,0,28.45,85.21,133.5,4.202,,
f3,mpc_r,29,0,28.46,84.52,0.0,4.222,,
f3,mpc_rft,29,0,28.46,84.52,0.0,4.222,,
f3,operator,30,0,39.71,88.49,636.0,4.145,,
f3,mpc,30,0,44.48,84.42,0.0,4.136,,
f3,mpc_r,30,0,45.36,83.54,0.0,4.136,,
f3,mpc_rft,30,0,45.36,83.54,0.0,4.136,,
f3,operator,31,0,37.73,87.83,573.5,2.547,250.0,
f3,mpc,31,0,37.82,84.31,0.0,5.46,,
f3,mpc_r,31,0,37.82,83.82,0.0,5.48,,
f3,mpc_rft,31,0,37.82,83.82,0.0,5.48,,
f3,operator,32,0,26.59,88.22,621.5,1.34,128.5,
f3,mpc,32,0,26.34,84.37,0.0,4.49,,
f3,mpc_r,32,0,26.33,83.97,0.0,4.502,,
f3,mpc_rft,32,0,26.33,83.97,0.0,4.502,,
f3,operator,33,0,35.37,88.09,634.0,3.942,,
f3,mpc,33,0,39.42,84.16,0.0,3.938,,
f3,mpc_r,33,0,39.79,83.78,0.0,3.938,,
f3,mpc_rft,33,0,39.79,83.78,0.0,3.938,,
f3,operator,34,0,26.06,86.74,574.5,1.322,228.0,
f3,mpc,34,0,26.2,84.02,0.0,1.417,257.0,
f3,mpc_r,34,0,26.2,83.73,0.0,1.423,257.0,
f3,mpc_rft,34,0,26.2,83.73,0.0,1.423,257.0,
f3,operator,35,0,37.42,86.17,569.5,1.214,143.0,
f3,mpc,35,0,37.81,83.46,0.0,1.381,180.0,
f3,mpc_r,35,0,37.8,83.04,0.0,1.394,180.0,
f3,mpc_rft,35,0,37.8,83.04,0.0,1.394,180.0,
f3,operator,36,0,28.54,89.01,590.5,2.974,537.5,
f3,mpc,36,0,28.68,85.37,211.0,3.364,,
f3,mpc_r,36,0,28.67,84.92,0.0,3.372,,
f3,mpc_rft,36,0,28.67,84.92,0.0,3.372,,
f3,operator,37,0,38.98,87.07,599.0,2.25,413.0,
f3,mpc,37,0,38.64,84.59,0.0,2.483,462.5,
f3,mpc_r,37,0,38.59,83.73,0.0,2.508,462.5,
f3,mpc_rft,37,0,38.59,83.73,0.0,2.508,462.5,
f3,operator,38,0,32.62,86.98,628.5,1.944,299.5,
f3,mpc,38,0,32.58,84.12,0.0,2.696,487.0,
f3,mpc_r,38,0,32.65,83.65,0.0,2.346,381.0,
f3,mpc_rft,38,0,32.65,83.65,0.0,2.346,381.0,
f3,operator,39,0,69.25,88.44,633.5,2.86,,
f3,mpc,39,0,73.39,84.61,0.0,2.853,,
f3,mpc_r,39,0,73.82,84.19,0.0,2.853,,
f3,mpc_rft,39,0,73.82,84.19,0.0,2.853,,
f3,operator,40,0,31.72,85.99,547.0,1.316,279.5,
f3,mpc,40,0,31.76,83.27,0.0,1.437,317.5,
f3,mpc_r,40,0,31.76,82.75,0.0,1.448,317.5,
f3,mpc_rft,40,0,31.76,82.75,0.0,1.448,317.5,
f3,operator,41,0,25.56,88.15,566.0,1.613,259.0,
f3,mpc,41,0,25.64,84.68,0.0,3.256,,
f3,mpc_r,41,0,25.62,84.35,0.0,3.264,,
f3,mpc_rft,41,0,25.62,84.35,0.0,3.264,,
f3,operator,42,0,33.39,88.33,625.0,2.608,408.0,
f3,mpc,42,0,33.11,84.99,0.0,1.165,187.0,
f3,mpc_r,42,0,33.12,84.41,0.0,1.162,187.0,
f3,mpc_rft,42,0,33.12,84.41,0.0,1.162,187.0,
f3,operator,43,0,26.27,86.96,610.5,1.815,351.0,
f3,mpc,43,0,26.07,83.73,0.0,2.94,,
f3,mpc_r,43,0,25.88,83.92,0.0,2.937,,
f3,mpc_rft,43,0,25.88,83.92,0.0,2.937,,
f3,operator,44,0,35.53,87.14,595.5,2.834,420.0,
f3,mpc,44,0,35.42,84.02,0.0,4.22,,
f3,mpc_r,44,0,35.42,83.38,0.0,4.241,,
f3,mpc_rft,44,0,35.42,83.38,0.0,4.241,,
f3,operator,45,0,39.01,87.39,648.5,1.923,404.5,
f3,mpc,45,0,38.99,84.77,0.0,2.199,497.0,
f3,mpc_r,45,0,39.0,84.13,0.0,2.214,497.0,
f3,mpc_rft,45,0,39.0,84.13,0.0,2.214,497.0,
f3,operator,46,0,31.67,87.44,646.0,1.555,227.0,
f3,mpc,46,0,31.69,84.37,0.0,2.638,,
f3,mpc_r,46,0,31.71,83.88,0.0,1.978,362.5,
f3,mpc_rft,46,0,31.71,83.88,0.0,1.978,362.5,
f3,operator,47,0,26.58,88.04,633.0,1.956,240.5,
f3,mpc,47,0,26.56,84.73,0.0,3.945,,
f3,mpc_r,47,0,26.5,84.21,0.0,3.958,,
f3,mpc_rft,47,0,26.5,84.21,0.0,3.958,,
f3,operator,48,0,30.26,87.84,616.0,3.979,,
f3,mpc,48,0,33.68,84.72,0.0,3.973,,
f3,mpc_r,48,0,34.11,84.29,0.0,3.973,,
f3,mpc_rft,48,0,34.11,84.29,0.0,3.973,,
f3,operator,49,0,38.57,88.56,657.0,4.156,546.0,
f3,mpc,49,0,38.42,84.46,0.0,4.663,,
f3,mpc_r,49,0,38.43,83.98,0.0,4.677,,
f3,mpc_rft,49,0,38.43,83.98,0.0,4.677,,
f4,operator,0,1,10.06,64.16,471.0,1.335,,220.5
f4,mpc,0,1,10.06,64.16,469.5,1.335,,222.0
f4,mpc_r,0,1,10.06,64.16,469.5,1.335,,222.0
f4,mpc_rft,0,0,27.68,64.12,0.0,1.009,181.5,222.0
f4,operator,1,1,9.31,48.45,396.5,1.336,,297.0
f4,mpc,1,1,9.31,48.45,395.5,1.336,,297.0
f4,mpc_r,1,1,9.31,48.45,395.5,1.336,,297.0
f4,mpc_rft,1,0,24.05,48.35,0.0,1.023,261.0,297.0
f4,operator,2,1,10.48,67.73,430.0,1.285,,231.5
f4,mpc,2,1,10.48,67.73,428.5,1.285,,234.0
f4,mpc_r,2,1,10.48,67.73,428.5,1.285,,234.0
f4,mpc_rft,2,0,25.74,67.73,0.0,0.996,237.5,234.0
f4,operator,3,1,10.23,49.48,532.0,1.833,,121.5
f4,mpc,3,1,9.96,49.48,531.0,1.842,,123.0
f4,mpc_r,3,1,9.96,49.48,531.0,1.842,,123.0
f4,mpc_rft,3,0,33.43,49.44,0.0,0.996,111.0,123.0
f4,operator,4,1,10.1,80.27,358.0,1.339,,286.5
f4,mpc,4,1,10.31,80.27,357.0,1.335,,286.5
f4,mpc_r,4,1,10.31,80.27,357.0,1.335,,286.5
f4,mpc_rft,4,0,26.85,80.24,0.0,1.0,237.0,286.5
f4,operator,5,1,10.43,79.91,479.0,1.992,,158.0
f4,mpc,5,1,10.12,79.91,477.5,2.003,,158.5
f4,mpc_r,5,1,10.12,79.91,477.5,2.003,,158.5
f4,mpc_rft,5,0,37.48,79.87,0.0,0.988,91.5,158.5
f4,operator,6,1,10.15,64.73,406.5,1.799,,226.5
f4,mpc,6,1,10.15,64.73,405.0,1.799,,228.0
f4,mpc_r,6,1,10.15,64.73,405.0,1.799,,228.0
f4,mpc_rft,6,0,38.95,64.68,0.0,1.005,161.5,228.0
f4,operator,7,1,10.22,64.28,300.0,1.341,,361.0
f4,mpc,7,1,10.22,64.28,300.0,1.341,,361.0
f4,mpc_r,7,1,10.22,64.28,300.0,1.341,,361.0
f4,mpc_rft,7,0,27.76,64.27,0.0,1.002,254.0,361.0
f4,operator,8,1,9.79,60.41,435.5,1.698,,197.5
f4,mpc,8,1,9.79,60.41,435.0,1.698,,198.0
f4,mpc_r,8,1,9.79,60.41,435.0,1.698,,198.0
f4,mpc_rft,8,0,35.99,60.41,0.0,1.003,136.5,198.0
f4,operator,9,1,9.71,60.97,515.5,1.826,,116.5
f4,mpc,9,1,9.71,60.97,514.5,1.826,,116.5
f4,mpc_r,9,1,9.71,60.97,514.5,1.826,,116.5
f4,mpc_rft,9,0,35.25,60.92,0.0,1.009,127.0,116.5
f4,operator,10,1,10.05,52.04,476.0,1.457,,192.5
f4,mpc,10,1,10.2,52.04,475.5,1.453,,192.5
f4,mpc_r,10,1,10.2,52.04,475.5,1.453,,192.5
f4,mpc_rft,10,0,26.85,52.04,0.0,0.992,118.5,192.5
f4,operator,11,1,10.2,51.64,434.0,1.57,,201.0
f4,mpc,11,1,10.35,51.64,433.0,1.566,,201.0
f4,mpc_r,11,1,10.35,51.64,433.0,1.566,,201.0
f4,mpc_rft,11,0,36.01,51.58,0.0,0.995,161.0,201.0
f4,operator,12,1,10.14,77.08,361.5,1.823,,238.0
f4,mpc,12,1,10.04,77.08,360.0,1.826,,240.0
f4,mpc_r,12,1,10.04,77.08,360.0,1.826,,240.0
f4,mpc_rft,12,0,36.37,77.05,0.0,0.997,161.5,240.0
f4,operator,13,1,9.73,64.62,496.5,2.246,,146.0
f4,mpc,13,1,9.73,64.62,495.0,2.246,,146.5
f4,mpc_r,13,1,9.73,64.62,495.0,2.246,,146.5
f4,mpc_rft,13,0,39.27,64.58,0.0,1.005,91.5,146.5
f4,operator,14,1,10.09,60.83,367.5,1.526,,282.0
f4,mpc,14,1,10.23,60.83,367.0,1.523,,282.0
f4,mpc_r,14,1,10.23,60.83,367.0,1.523,,282.0
f4,mpc_rft,14,0,34.43,60.77,0.0,0.99,166.5,282.0
f4,operator,15,1,9.51,80.94,535.5,1.44,,148.5
f4,mpc,15,1,9.67,80.94,534.5,1.436,,148.5
f4,mpc_r,15,1,9.67,80.94,534.5,1.436,,148.5
f4,mpc_rft,15,0,26.28,80.88,0.0,1.017,141.0,148.5
f4,operator,16,1,10.16,59.92,472.5,1.578,,179.0
f4,mpc,16,1,10.44,59.92,471.5,1.571,,179.0
f4,mpc_r,16,1,10.44,59.92,471.5,1.571,,179.0
f4,mpc_rft,16,0,32.38,59.86,0.0,0.996,149.0,179.0
f4,operator,17,1,9.19,56.54,469.0,2.176,,154.5
f4,mpc,17,1,9.06,56.54,467.5,2.181,,155.5
f4,mpc_r,17,1,9.06,56.54,467.5,2.181,,155.5
f4,mpc_rft,17,0,38.82,56.51,0.0,1.028,111.5,155.5
f4,operator,18,1,10.01,62.39,323.5,1.69,,275.0
f4,mpc,18,1,10.01,62.39,322.0,1.69,,277.0
f4,mpc_r,18,1,10.01,62.39,322.0,1.69,,277.0
f4,mpc_rft,18,0,37.6,62.34,0.0,1.001,223.5,277.0
f4,operator,19,1,9.55,79.73,404.5,1.565,,246.0
f4,mpc,19,1,9.55,79.73,404.5,1.565,,246.0
f4,mpc_r,19,1,9.55,79.73,404.5,1.565,,246.0
f4,mpc_rft,19,0,34.75,79.68,0.0,1.006,144.0,246.0
f4,operator,20,1,9.27,62.94,330.5,1.827,,283.0
f4,mpc,20,1,9.46,62.94,329.5,1.822,,285.0
f4,mpc_r,20,1,9.46,62.94,329.5,1.822,,285.0
f4,mpc_rft,20,0,38.03,62.94,0.0,1.017,189.0,285.0
f4,operator,21,1,9.75,73.02,432.0,1.697,,219.5
f4,mpc,21,1,9.75,73.02,432.0,1.697,,219.5
f4,mpc_r,21,1,9.75,73.02,432.0,1.697,,219.5
f4,mpc_rft,21,0,33.43,72.96,0.0,1.01,122.0,219.5
f4,operator,22,1,9.26,81.82,443.5,1.421,,225.0
f4,mpc,22,1,9.26,81.82,443.5,1.421,,225.0
f4,mpc_r,22,1,9.26,81.82,443.5,1.421,,225.0
f4,mpc_rft,22,0,25.22,81.82,0.0,1.013,174.0,225.0
f4,operator,23,1,9.9,53.51,307.5,1.32,,369.5
f4,mpc,23,1,10.0,53.51,306.5,1.318,,371.0
f4,mpc_r,23,1,10.0,53.51,306.5,1.318,,371.0
f4,mpc_rft,23,0,27.74,53.46,0.0,1.005,293.0,371.0
f4,operator,24,1,9.85,66.87,554.0,1.664,,115.0
f4,mpc,24,1,9.69,66.87,553.0,1.668,,116.0
f4,mpc_r,24,1,9.69,66.87,553.0,1.668,,116.0
f4,mpc_rft,24,0,31.94,66.82,0.0,1.001,113.0,116.0
f4,operator,25,1,9.6,74.28,427.5,1.465,,247.5
f4,mpc,25,1,9.6,74.28,426.5,1.465,,249.0
f4,mpc_r,25,1,9.6,74.28,426.5,1.465,,249.0
f4,mpc_rft,25,0,30.16,74.27,0.0,1.008,141.0,249.0
f4,operator,26,1,9.78,53.69,491.5,2.069,,144.0
f4,mpc,26,1,9.78,53.69,490.0,2.069,,146.5
f4,mpc_r,26,1,9.78,53.69,490.0,2.069,,146.5
f4,mpc_rft,26,0,37.4,53.67,0.0,1.017,103.5,146.5
f4,operator,27,1,10.52,63.29,381.0,1.798,,247.0
f4,mpc,27,1,10.63,63.29,380.5,1.795,,247.0
f4,mpc_r,27,1,10.63,63.29,380.5,1.795,,247.0
f4,mpc_rft,27,0,35.36,63.26,0.0,0.994,144.5,247.0
f4,operator,28,1,10.31,60.43,371.0,1.419,,271.5
f4,mpc,28,1,10.31,60.43,369.5,1.419,,273.0
f4,mpc_r,28,1,10.31,60.43,369.5,1.419,,273.0
f4,mpc_rft,28,0,31.22,60.4,0.0,0.994,217.5,273.0
f4,operator,29,1,10.06,74.61,478.5,1.592,,195.0
f4,mpc,29,1,10.06,74.61,477.5,1.592,,196.5
f4,mpc_r,29,1,10.06,74.61,477.5,1.592,,196.5
f4,mpc_rft,29,0,32.39,74.61,0.0,0.995,129.0,196.5
f4,operator,30,1,9.81,51.05,398.5,1.428,,268.0
f4,mpc,30,1,9.81,51.05,398.5,1.428,,268.0
f4,mpc_r,30,1,9.81,51.05,398.5,1.428,,268.0
f4,mpc_rft,30,0,27.21,51.05,0.0,1.006,176.0,268.0
f4,operator,31,1,9.66,73.85,531.5,1.695,,113.5
f4,mpc,31,1,9.67,73.85,530.5,1.695,,114.5
f4,mpc_r,31,1,9.67,73.85,530.5,1.695,,114.5
f4,mpc_rft,31,0,36.57,73.8,0.0,1.007,125.0,114.5
f4,operator,32,1,10.02,53.32,368.5,1.385,,274.5
f4,mpc,32,1,10.02,53.32,368.0,1.385,,274.5
f4,mpc_r,32,1,10.02,53.32,368.0,1.385,,274.5
f4,mpc_rft,32,0,30.16,53.28,0.0,0.999,258.5,274.5
f4,operator,33,1,10.23,71.93,509.5,1.536,,167.5
f4,mpc,33,1,10.39,71.93,509.0,1.531,,167.5
f4,mpc_r,33,1,10.39,71.93,509.0,1.531,,167.5
f4,mpc_rft,33,0,29.92,71.88,0.0,0.992,116.5,167.5
f4,operator,34,1,10.03,54.12,327.0,1.901,,257.0
f4,mpc,34,1,10.12,54.12,326.5,1.898,,257.0
f4,mpc_r,34,1,10.12,54.12,326.5,1.898,,257.0
f4,mpc_rft,34,0,39.43,54.12,0.0,0.994,170.5,257.0
f4,operator,35,1,9.78,61.25,491.0,1.478,,169.5
f4,mpc,35,1,9.93,61.25,490.0,1.475,,170.5
f4,mpc_r,35,1,9.93,61.25,490.0,1.475,,170.5
f4,mpc_rft,35,0,31.53,61.25,0.0,1.002,165.0,170.5
f4,operator,36,1,9.97,52.31,434.5,1.91,,196.0
f4,mpc,36,1,10.08,52.31,434.0,1.906,,197.0
f4,mpc_r,36,1,10.08,52.31,434.0,1.906,,197.0
f4,mpc_rft,36,0,36.31,52.25,0.0,0.998,140.5,197.0
f4,operator,37,1,9.55,75.56,427.0,1.664,,215.5
f4,mpc,37,1,9.69,75.56,426.0,1.66,,217.5
f4,mpc_r,37,1,9.69,75.56,426.0,1.66,,217.5
f4,mpc_rft,37,0,32.67,75.55,0.0,1.011,135.0,217.5
f4,operator,38,1,10.12,55.26,448.5,1.796,,184.5
f4,mpc,38,1,9.9,55.26,448.0,1.803,,185.0
f4,mpc_r,38,1,9.9,55.26,448.0,1.803,,185.0
f4,mpc_rft,38,0,37.4,55.26,0.0,1.002,162.5,185.0
f4,operator,39,1,9.96,63.02,465.5,1.734,,187.5
f4,mpc,39,1,9.96,63.02,465.5,1.734,,187.5
f4,mpc_r,39,1,9.96,63.02,465.5,1.734,,187.5
f4,mpc_rft,39,0,35.76,62.98,0.0,1.001,136.0,187.5
f4,operator,40,1,9.69,52.75,519.0,2.086,,117.5
f4,mpc,40,1,9.69,52.75,517.5,2.086,,118.5
f4,mpc_r,40,1,9.69,52.75,517.5,2.086,,118.5
f4,mpc_rft,40,0,39.1,52.75,0.0,1.012,113.5,118.5
f4,operator,41,1,10.09,61.98,471.0,2.049,,168.0
f4,mpc,41,1,9.97,61.98,470.5,2.054,,168.0
f4,mpc_r,41,1,9.97,61.98,470.5,2.054,,168.0
f4,mpc_rft,41,0,39.24,61.92,0.0,1.005,118.5,168.0
f4,operator,42,1,9.73,49.64,509.5,1.36,,181.5
f4,mpc,42,1,10.02,49.64,508.5,1.354,,182.5
f4,mpc_r,42,1,10.02,49.64,508.5,1.354,,182.5
f4,mpc_rft,42,0,25.3,49.6,0.0,1.005,159.0,182.5
f4,operator,43,1,9.89,56.94,484.5,1.687,,173.5
f4,mpc,43,1,9.89,56.94,483.5,1.687,,174.5
f4,mpc_r,43,1,9.89,56.94,483.5,1.687,,174.5
f4,mpc_rft,43,0,33.65,56.92,0.0,1.008,137.0,174.5
f4,operator,44,1,10.26,66.45,345.5,1.577,,295.5
f4,mpc,44,1,10.15,66.45,345.0,1.58,,296.0
f4,mpc_r,44,1,10.15,66.45,345.0,1.58,,296.0
f4,mpc_rft,44,0,36.49,66.41,0.0,1.006,216.5,296.0
f4,operator,45,1,10.16,68.2,426.0,1.655,,221.0
f4,mpc,45,1,10.16,68.2,426.0,1.655,,221.0
f4,mpc_r,45,1,10.16,68.2,426.0,1.655,,221.0
f4,mpc_rft,45,0,32.98,68.19,0.0,1.004,130.0,221.0
f4,operator,46,1,10.16,66.25,462.0,1.708,,212.0
f4,mpc,46,1,10.16,66.25,460.5,1.708,,214.5
f4,mpc_r,46,1,10.16,66.25,460.5,1.708,,214.5
f4,mpc_rft,46,0,33.2,66.25,0.0,0.996,103.5,214.5
f4,operator,47,1,10.28,65.06,480.5,1.996,,111.5
f4,mpc,47,1,10.16,65.06,480.0,2.0,,111.5
f4,mpc_r,47,1,10.16,65.06,480.0,2.0,,111.5
f4,mpc_rft,47,0,40.05,65.03,0.0,0.993,132.5,111.5
f4,operator,48,1,9.7,68.99,506.0,1.705,,140.5
f4,mpc,48,1,9.7,68.99,506.0,1.705,,140.5
f4,mpc_r,48,1,9.7,68.99,506.0,1.705,,140.5
f4,mpc_rft,48,0,32.49,68.95,0.0,1.003,130.0,140.5
f4,operator,49,1,9.7,53.9,429.5,1.361,,271.5
f4,mpc,49,1,9.85,53.9,428.0,1.358,,273.5
f4,mpc_r,49,1,9.85,53.9,428.0,1.358,,273.5
f4,mpc_rft,49,0,24.84,53.8,0.0,1.011,147.5,273.5
