kind,i,ctrl,trip,trip_ll,trip_hh,minL,maxL,zone_min,ship,done_min,diag_min,Rmax
f1,0,mpc,0,0,0,28.796322,67.439734,0.0,1.005246,112.0,,0.1917
f1,0,mpc_r,0,0,0,28.796322,67.439733,0.0,1.005246,112.0,,0.1917
f1,0,mpc_rft,0,0,0,28.796322,67.439733,0.0,1.005246,112.0,,0.1917
f1,0,operator,0,0,0,13.16745,67.486488,603.0,1.347555,129.0,,0.0
f1,1,mpc,0,0,0,29.938526,64.240745,0.0,1.003497,154.0,,0.1636
f1,1,mpc_r,0,0,0,29.938526,64.240745,0.0,1.003497,154.0,,0.1636
f1,1,mpc_rft,0,0,0,29.938526,64.240745,0.0,1.003497,154.0,,0.1636
f1,1,operator,0,0,0,14.137179,64.240826,555.0,1.455257,176.5,,0.0
f1,2,mpc,0,0,0,27.355892,78.16038,0.0,0.998691,296.0,,0.0298
f1,2,mpc_r,0,0,0,27.355892,78.160377,0.0,0.998691,296.0,,0.0298
f1,2,mpc_rft,0,0,0,27.355892,78.160377,0.0,0.998691,296.0,,0.0298
f1,2,operator,0,0,0,16.890544,78.185441,407.0,1.183788,323.5,,0.0
f1,3,mpc,0,0,0,27.152393,56.666418,0.0,0.999583,184.0,,0.246
f1,3,mpc_r,0,0,0,27.152393,56.666418,0.0,0.999583,184.0,,0.246
f1,3,mpc_rft,0,0,0,27.152393,56.666418,0.0,0.999583,184.0,,0.246
f1,3,operator,0,0,0,12.329554,56.685406,533.0,1.272536,198.5,,0.0
f1,4,mpc,0,0,0,25.300899,71.904622,0.0,1.012921,210.0,,0.2286
f1,4,mpc_r,0,0,0,25.300899,71.904636,0.0,1.012921,210.0,,0.2286
f1,4,mpc_rft,0,0,0,25.300899,71.904636,0.0,1.012921,210.0,,0.2286
f1,4,operator,0,0,0,13.48979,71.954012,511.0,1.324261,221.0,,0.0
f1,5,mpc,0,0,0,33.992054,76.291085,0.0,0.996728,218.0,,0.0
f1,5,mpc_r,0,0,0,33.992054,76.291085,0.0,0.996728,218.0,,0.0
f1,5,mpc_rft,0,0,0,33.992054,76.291085,0.0,0.996728,218.0,,0.0
f1,5,operator,0,0,0,15.929216,76.299273,473.0,1.503529,258.0,,0.0
f1,6,mpc,0,0,0,39.54215,79.031998,0.0,0.995506,202.0,,0.0
f1,6,mpc_r,0,0,0,39.54215,79.031998,0.0,0.995506,202.0,,0.0
f1,6,mpc_rft,0,0,0,39.54215,79.031998,0.0,0.995506,202.0,,0.0
f1,6,operator,0,0,0,17.392172,79.080543,443.0,1.679663,288.5,,0.0
f1,7,mpc,0,0,0,33.575861,78.306915,0.0,1.015569,130.0,,0.0468
f1,7,mpc_r,0,0,0,33.575861,78.306915,0.0,1.015569,130.0,,0.0468
f1,7,mpc_rft,0,0,0,33.575861,78.306915,0.0,1.015569,130.0,,0.0468
f1,7,operator,0,0,0,14.393766,78.361334,568.5,1.558311,164.0,,0.0
f1,8,mpc,0,0,0,36.309702,79.300762,0.0,1.005963,296.0,,0.0
f1,8,mpc_r,0,0,0,36.309702,79.300762,0.0,1.005963,296.0,,0.0
f1,8,mpc_rft,0,0,0,36.309702,79.300762,0.0,1.005963,296.0,,0.0
f1,8,operator,0,0,0,16.905488,79.300931,354.5,1.503046,379.5,,0.0
f1,9,mpc,0,0,0,27.891687,54.748142,0.0,0.996672,330.0,,0.0244
f1,9,mpc_r,0,0,0,27.891687,54.748135,0.0,0.996672,330.0,,0.0244
f1,9,mpc_rft,0,0,0,27.891687,54.748135,0.0,0.996672,330.0,,0.0244
f1,9,operator,0,0,0,17.536789,54.802014,361.5,1.225241,369.0,,0.0
f1,10,mpc,0,0,0,32.185577,58.873346,0.0,1.007206,194.0,,0.0
f1,10,mpc_r,0,0,0,32.185577,58.873346,0.0,1.007206,194.0,,0.0
f1,10,mpc_rft,0,0,0,32.185577,58.873346,0.0,1.007206,194.0,,0.0
f1,10,operator,0,0,0,16.021615,58.91913,499.5,1.410746,233.0,,0.0
f1,11,mpc,0,0,0,30.518398,73.982548,0.0,1.008503,224.0,,0.0
f1,11,mpc_r,0,0,0,30.518398,73.982548,0.0,1.008503,224.0,,0.0
f1,11,mpc_rft,0,0,0,30.518398,73.982548,0.0,1.008503,224.0,,0.0
f1,11,operator,0,0,0,16.516087,74.033041,472.5,1.449263,259.5,,0.0
f1,12,mpc,0,0,0,36.527639,54.751172,0.0,1.014096,152.0,,0.0007
f1,12,mpc_r,0,0,0,36.527639,54.751172,0.0,1.014096,152.0,,0.0007
f1,12,mpc_rft,0,0,0,36.527639,54.751172,0.0,1.014096,152.0,,0.0007
f1,12,operator,0,0,0,16.146265,54.79711,525.0,1.803509,207.5,,0.0
f1,13,mpc,0,0,0,33.147029,55.487242,0.0,1.004172,96.0,,0.1554
f1,13,mpc_r,0,0,0,33.147029,55.487242,0.0,1.004172,96.0,,0.1554
f1,13,mpc_rft,0,0,0,33.147029,55.487242,0.0,1.004172,96.0,,0.1554
f1,13,operator,0,0,0,12.814719,55.530462,610.0,1.691434,121.5,,0.0
f1,14,mpc,0,0,0,39.217004,81.1838,0.0,1.018,122.0,,0.073
f1,14,mpc_r,0,0,0,39.217004,81.17883,0.0,1.018,122.0,,0.073
f1,14,mpc_rft,0,0,0,39.217004,81.17883,0.0,1.018,122.0,,0.073
f1,14,operator,0,0,0,12.485182,81.234762,578.5,1.749321,153.5,,0.0
f1,15,mpc,0,0,0,27.376364,66.915038,0.0,0.987806,202.0,,0.1534
f1,15,mpc_r,0,0,0,27.376364,66.915042,0.0,0.987806,202.0,,0.1534
f1,15,mpc_rft,0,0,0,27.376364,66.915042,0.0,0.987806,202.0,,0.1534
f1,15,operator,0,0,0,15.938577,66.947088,510.0,1.317244,220.0,,0.0
f1,16,mpc,0,0,0,39.448756,81.210991,0.0,0.993298,170.0,,0.026
f1,16,mpc_r,0,0,0,39.448756,81.210991,0.0,0.993298,170.0,,0.026
f1,16,mpc_rft,0,0,0,39.448756,81.210991,0.0,0.993298,170.0,,0.026
f1,16,operator,0,0,0,16.985426,81.259393,492.5,1.659195,238.0,,0.0
f1,17,mpc,0,0,0,36.537795,81.896458,0.0,0.994557,300.0,,0.0475
f1,17,mpc_r,0,0,0,36.537795,81.659813,0.0,0.994557,300.0,,0.0436
f1,17,mpc_rft,0,0,0,36.537796,81.659824,0.0,0.994557,300.0,,0.0436
f1,17,operator,0,0,0,17.956697,82.298013,339.5,1.530127,391.5,,0.0
f1,18,mpc,0,0,0,27.969147,66.266555,0.0,0.99351,218.0,,0.1354
f1,18,mpc_r,0,0,0,27.969147,66.26655,0.0,0.99351,218.0,,0.1354
f1,18,mpc_rft,0,0,0,27.969147,66.26655,0.0,0.99351,218.0,,0.1354
f1,18,operator,0,0,0,15.70023,66.311963,490.5,1.350938,240.0,,0.0
f1,19,mpc,0,0,0,31.362597,53.575608,0.0,1.002676,154.0,,0.0538
f1,19,mpc_r,0,0,0,31.362597,53.575608,0.0,1.002676,154.0,,0.0538
f1,19,mpc_rft,0,0,0,31.362597,53.575608,0.0,1.002676,154.0,,0.0538
f1,19,operator,0,0,0,14.906674,53.620512,549.5,1.44978,182.5,,0.0
f1,20,mpc,0,0,0,37.967315,63.229357,0.0,1.008001,200.0,,0.0
f1,20,mpc_r,0,0,0,37.967315,63.229357,0.0,1.008001,200.0,,0.0
f1,20,mpc_rft,0,0,0,37.967315,63.229357,0.0,1.008001,200.0,,0.0
f1,20,operator,0,0,0,14.02408,63.229547,491.5,1.751456,241.0,,0.0
f1,21,mpc,0,0,0,25.937541,73.769649,0.0,0.992985,298.0,,0.0891
f1,21,mpc_r,0,0,0,25.937541,73.769651,0.0,0.992985,298.0,,0.0891
f1,21,mpc_rft,0,0,0,25.937541,73.769651,0.0,0.992985,298.0,,0.0891
f1,21,operator,0,0,0,17.125186,73.818423,409.0,1.145689,321.5,,0.0
f1,22,mpc,0,0,0,36.393417,55.897929,0.0,0.996953,170.0,,0.0
f1,22,mpc_r,0,0,0,36.393417,55.897929,0.0,0.996953,170.0,,0.0
f1,22,mpc_rft,0,0,0,36.393417,55.897929,0.0,0.996953,170.0,,0.0
f1,22,operator,0,0,0,16.61127,55.934202,497.5,1.910126,234.5,,0.0
f1,23,mpc,0,0,0,33.0571,50.928698,0.0,1.004317,146.0,,0.0
f1,23,mpc_r,0,0,0,33.0571,50.928698,0.0,1.004317,146.0,,0.0
f1,23,mpc_rft,0,0,0,33.0571,50.928698,0.0,1.004317,146.0,,0.0
f1,23,operator,0,0,0,16.604049,50.928836,537.0,1.527833,194.5,,0.0
f1,24,mpc,0,0,0,27.423531,71.902604,0.0,0.991546,120.0,,0.2631
f1,24,mpc_r,0,0,0,27.423531,71.902604,0.0,0.991546,120.0,,0.2631
f1,24,mpc_rft,0,0,0,27.423531,71.902604,0.0,0.991546,120.0,,0.2631
f1,24,operator,0,0,0,12.644401,71.946946,603.5,1.422469,127.5,,0.0
f1,25,mpc,0,0,0,26.799924,80.247367,0.0,0.984083,188.0,,0.2645
f1,25,mpc_r,0,0,0,26.799924,80.24738,0.0,0.984083,188.0,,0.2645
f1,25,mpc_rft,0,0,0,26.799924,80.24738,0.0,0.984083,188.0,,0.2645
f1,25,operator,0,0,0,12.984099,80.285973,533.5,1.32689,197.0,,0.0
f1,26,mpc,0,0,0,36.624903,53.694427,0.0,1.006238,238.0,,0.0
f1,26,mpc_r,0,0,0,36.624903,53.694427,0.0,1.006238,238.0,,0.0
f1,26,mpc_rft,0,0,0,36.624903,53.694427,0.0,1.006238,238.0,,0.0
f1,26,operator,0,0,0,17.107563,53.747697,421.5,1.528934,310.5,,0.0
f1,27,mpc,0,0,0,36.15313,48.620996,0.0,0.981556,154.0,,0.0
f1,27,mpc_r,0,0,0,36.15313,48.620996,0.0,0.981556,154.0,,0.0
f1,27,mpc_rft,0,0,0,36.15313,48.620996,0.0,0.981556,154.0,,0.0
f1,27,operator,0,0,0,17.597176,48.648128,510.5,1.58023,219.0,,0.0
f1,28,mpc,0,0,0,30.805236,61.413987,0.0,1.004513,180.0,,0.1922
f1,28,mpc_r,0,0,0,30.805236,61.413987,0.0,1.004513,180.0,,0.1922
f1,28,mpc_rft,0,0,0,30.805236,61.413987,0.0,1.004513,180.0,,0.1922
f1,28,operator,0,0,0,12.670046,61.414115,530.0,1.438544,201.5,,0.0
f1,29,mpc,0,0,0,28.982056,77.103972,0.0,1.006876,130.0,,0.1543
f1,29,mpc_r,0,0,0,28.982056,77.103971,0.0,1.006876,130.0,,0.1543
f1,29,mpc_rft,0,0,0,28.982056,77.103971,0.0,1.006876,130.0,,0.1543
f1,29,operator,0,0,0,13.835349,77.156526,583.5,1.56818,148.0,,0.0
f1,30,mpc,0,0,0,30.176191,60.152363,0.0,1.018354,360.0,,0.0
f1,30,mpc_r,0,0,0,30.176191,60.152363,0.0,1.018354,360.0,,0.0
f1,30,mpc_rft,0,0,0,30.176191,60.152363,0.0,1.018354,360.0,,0.0
f1,30,operator,0,0,0,16.583035,60.161563,319.5,1.300821,417.0,,0.0
f1,31,mpc,0,0,0,36.798758,61.247094,0.0,0.993712,204.0,,0.055
f1,31,mpc_r,0,0,0,36.798758,61.247094,0.0,0.993712,204.0,,0.055
f1,31,mpc_rft,0,0,0,36.798758,61.247094,0.0,0.993712,204.0,,0.055
f1,31,operator,0,0,0,14.071052,61.286952,494.0,1.656008,237.5,,0.0
f1,32,mpc,0,0,0,27.980451,68.239945,0.0,1.014402,188.0,,0.097
f1,32,mpc_r,0,0,0,27.980451,68.239943,0.0,1.014402,188.0,,0.097
f1,32,mpc_rft,0,0,0,27.980451,68.239943,0.0,1.014402,188.0,,0.097
f1,32,operator,0,0,0,14.576189,68.261214,522.0,1.313984,211.5,,0.0
f1,33,mpc,0,0,0,25.872445,50.448881,0.0,1.007239,178.0,,0.2711
f1,33,mpc_r,0,0,0,25.872445,50.448886,0.0,1.007239,178.0,,0.2711
f1,33,mpc_rft,0,0,0,25.872445,50.448886,0.0,1.007239,178.0,,0.2711
f1,33,operator,0,0,0,12.293987,50.471915,542.0,1.283538,190.0,,0.0
f1,34,mpc,0,0,0,36.799371,48.241263,0.0,0.986297,332.0,,0.0
f1,34,mpc_r,0,0,0,36.799371,48.241263,0.0,0.986297,332.0,,0.0
f1,34,mpc_rft,0,0,0,36.799371,48.241263,0.0,0.986297,332.0,,0.0
f1,34,operator,0,0,0,18.44089,48.284197,308.0,1.418345,420.0,,0.0
f1,35,mpc,0,0,0,32.341495,54.25741,0.0,0.997184,270.0,,0.0
f1,35,mpc_r,0,0,0,32.341495,54.25741,0.0,0.997184,270.0,,0.0
f1,35,mpc_rft,0,0,0,32.341495,54.25741,0.0,0.997184,270.0,,0.0
f1,35,operator,0,0,0,16.619379,54.306528,416.0,1.330549,315.5,,0.0
f1,36,mpc,0,0,0,37.877796,81.5883,0.0,0.998972,202.0,,0.0307
f1,36,mpc_r,0,0,0,37.877796,81.570322,0.0,0.998972,202.0,,0.0306
f1,36,mpc_rft,0,0,0,37.877797,81.570323,0.0,0.998972,202.0,,0.0306
f1,36,operator,0,0,0,17.055884,81.641486,460.0,1.710756,271.5,,0.0
f1,37,mpc,0,0,0,25.790988,78.935682,0.0,1.000296,266.0,,0.0692
f1,37,mpc_r,0,0,0,25.790988,78.935696,0.0,1.000296,266.0,,0.0692
f1,37,mpc_rft,0,0,0,25.790988,78.935696,0.0,1.000296,266.0,,0.0692
f1,37,operator,0,0,0,16.886717,78.98711,441.5,1.231387,289.0,,0.0
f1,38,mpc,0,0,0,32.558661,71.308302,0.0,0.998965,212.0,,0.0
f1,38,mpc_r,0,0,0,32.558661,71.308302,0.0,0.998965,212.0,,0.0
f1,38,mpc_rft,0,0,0,32.558661,71.308302,0.0,0.998965,212.0,,0.0
f1,38,operator,0,0,0,16.364851,71.355071,476.0,1.310127,255.5,,0.0
f1,39,mpc,0,0,0,36.70293,70.693111,0.0,1.006912,224.0,,0.012
f1,39,mpc_r,0,0,0,36.70293,70.693111,0.0,1.006912,224.0,,0.012
f1,39,mpc_rft,0,0,0,36.70293,70.693111,0.0,1.006912,224.0,,0.012
f1,39,operator,0,0,0,14.328891,70.732093,468.0,1.499797,264.0,,0.0
f1,40,mpc,0,0,0,33.563222,71.968515,0.0,0.999396,152.0,,0.0
f1,40,mpc_r,0,0,0,33.563222,71.968515,0.0,0.999396,152.0,,0.0
f1,40,mpc_rft,0,0,0,33.563222,71.968515,0.0,0.999396,152.0,,0.0
f1,40,operator,0,0,0,16.239132,71.99258,535.5,1.417835,195.5,,0.0
f1,41,mpc,0,0,0,37.500503,68.378216,0.0,0.997326,118.0,,0.0637
f1,41,mpc_r,0,0,0,37.500503,68.378216,0.0,0.997326,118.0,,0.0637
f1,41,mpc_rft,0,0,0,37.500503,68.378216,0.0,0.997326,118.0,,0.0637
f1,41,operator,0,0,0,13.981459,68.427093,581.5,1.544758,149.5,,0.0
f1,42,mpc,0,0,0,39.095204,67.954036,0.0,0.999863,236.0,,0.0
f1,42,mpc_r,0,0,0,39.095204,67.954036,0.0,0.999863,236.0,,0.0
f1,42,mpc_rft,0,0,0,39.095204,67.954036,0.0,0.999863,236.0,,0.0
f1,42,operator,0,0,0,17.446984,68.01382,406.0,1.822405,325.5,,0.0
f1,43,mpc,0,0,0,33.367133,77.64096,0.0,0.999158,136.0,,0.0724
f1,43,mpc_r,0,0,0,33.367133,77.64096,0.0,0.999158,136.0,,0.0724
f1,43,mpc_rft,0,0,0,33.367133,77.64096,0.0,0.999158,136.0,,0.0724
f1,43,operator,0,0,0,14.031656,77.692368,564.5,1.555887,168.0,,0.0
f1,44,mpc,0,0,0,34.646671,63.085161,0.0,1.00644,122.0,,0.159
f1,44,mpc_r,0,0,0,34.646671,63.085161,0.0,1.00644,122.0,,0.159
f1,44,mpc_rft,0,0,0,34.646671,63.085161,0.0,1.00644,122.0,,0.159
f1,44,operator,0,0,0,12.58697,63.125232,586.5,1.482161,145.0,,0.0
f1,45,mpc,0,0,0,27.439747,79.929624,0.0,0.980384,160.0,,0.2688
f1,45,mpc_r,0,0,0,27.439747,79.929629,0.0,0.980384,160.0,,0.2688
f1,45,mpc_rft,0,0,0,27.439747,79.929629,0.0,0.980384,160.0,,0.2688
f1,45,operator,0,0,0,13.284911,79.989276,555.0,1.310139,175.0,,0.0
f1,46,mpc,0,0,0,26.231745,63.024209,0.0,0.98654,132.0,,0.2664
f1,46,mpc_r,0,0,0,26.231743,63.024223,0.0,0.98654,132.0,,0.2664
f1,46,mpc_rft,0,0,0,26.231743,63.024223,0.0,0.98654,132.0,,0.2664
f1,46,operator,0,0,0,12.579427,63.024346,587.0,1.437675,144.0,,0.0
f1,47,mpc,0,0,0,33.908118,64.733728,0.0,1.017194,272.0,,0.0
f1,47,mpc_r,0,0,0,33.908118,64.733728,0.0,1.017194,272.0,,0.0
f1,47,mpc_rft,0,0,0,33.908118,64.733728,0.0,1.017194,272.0,,0.0
f1,47,operator,0,0,0,16.364399,64.782301,405.0,1.498393,329.0,,0.0
f1,48,mpc,0,0,0,25.768422,76.851525,0.0,1.008294,202.0,,0.2619
f1,48,mpc_r,0,0,0,25.768422,76.85153,0.0,1.008294,202.0,,0.2619
f1,48,mpc_rft,0,0,0,25.768422,76.85153,0.0,1.008294,202.0,,0.2619
f1,48,operator,0,0,0,12.094777,76.900823,519.5,1.255614,212.5,,0.0
f1,49,mpc,0,0,0,39.760528,62.217675,0.0,0.991882,166.0,,0.0042
f1,49,mpc_r,0,0,0,39.760528,62.217675,0.0,0.991882,166.0,,0.0042
f1,49,mpc_rft,0,0,0,39.760528,62.217675,0.0,0.991882,166.0,,0.0042
f1,49,operator,0,0,0,16.618944,62.248034,498.0,1.800469,233.5,,0.0
f3,0,mpc,0,0,0,34.727254,84.886243,0.0,3.957462,,,0.2824
f3,0,mpc_r,0,0,0,35.333195,84.280284,0.0,3.957462,,,0.2314
f3,0,mpc_rft,0,0,0,35.333195,84.280284,0.0,3.957462,,,0.2314
f3,0,operator,0,0,0,30.723027,88.435781,592.0,3.966636,,,0.0
f3,1,mpc,0,0,0,26.120361,84.387716,0.0,2.816947,,,0.0897
f3,1,mpc_r,0,0,0,26.120361,83.894343,0.0,2.8261,,,0.0798
f3,1,mpc_rft,0,0,0,26.120361,83.894342,0.0,2.8261,,,0.0798
f3,1,operator,0,0,0,26.052675,87.755162,650.0,2.24243,515.5,,0.0
f3,2,mpc,0,0,0,41.422873,84.752946,0.0,3.64332,,,0.2765
f3,2,mpc_r,0,0,0,42.184477,83.991286,0.0,3.643321,,,0.2417
f3,2,mpc_rft,0,0,0,42.184477,83.991286,0.0,3.643321,,,0.2417
f3,2,operator,0,0,0,37.800795,88.374418,612.5,3.643334,,,0.0
f3,3,mpc,0,0,0,27.981446,84.123184,0.0,3.112112,,,0.2681
f3,3,mpc_r,0,0,0,27.981446,83.62895,0.0,3.121219,,,0.1803
f3,3,mpc_rft,0,0,0,27.981446,83.62896,0.0,3.121219,,,0.1803
f3,3,operator,0,0,0,27.692871,87.778795,625.0,2.386566,525.0,,0.0
f3,4,mpc,0,0,0,27.82308,84.777778,0.0,1.11357,298.0,,0.2915
f3,4,mpc_r,0,0,0,27.823632,84.331748,0.0,1.112377,298.0,,0.1685
f3,4,mpc_rft,0,0,0,27.823632,84.331846,0.0,1.112377,298.0,,0.1685
f3,4,operator,0,0,0,50.689776,88.7452,659.0,3.253419,,,0.0
f3,5,mpc,0,0,0,36.89961,84.793451,0.0,3.801029,,,0.2954
f3,5,mpc_r,0,0,0,36.89961,84.262487,0.0,3.812455,,,0.2255
f3,5,mpc_rft,0,0,0,36.89961,84.261755,0.0,3.81247,,,0.2255
f3,5,operator,0,0,0,36.908295,88.416804,561.0,2.315931,424.5,,0.0
f3,6,mpc,0,0,0,26.686071,84.418322,0.0,3.744157,,,0.2519
f3,6,mpc_r,0,0,0,26.68597,83.858865,0.0,3.759103,,,0.1377
f3,6,mpc_rft,0,0,0,26.68597,83.85887,0.0,3.759103,,,0.1377
f3,6,operator,0,0,0,26.555193,88.217642,624.5,3.005159,565.0,,0.0
f3,7,mpc,0,0,0,30.916017,84.036289,0.0,2.73522,,,0.2203
f3,7,mpc_r,0,0,0,30.916025,83.572378,0.0,2.743992,,,0.1906
f3,7,mpc_rft,0,0,0,30.916025,83.572378,0.0,2.743992,,,0.1906
f3,7,operator,0,0,0,30.815595,87.451522,568.0,1.93736,482.0,,0.0
f3,8,mpc,0,0,0,25.613398,84.891589,0.0,2.850609,,,0.0909
f3,8,mpc_r,0,0,0,25.613398,84.479461,0.0,2.857763,,,0.0826
f3,8,mpc_rft,0,0,0,25.613398,84.479461,0.0,2.857763,,,0.0826
f3,8,operator,0,0,0,25.997428,88.195401,604.5,1.984819,430.5,,0.0
f3,9,mpc,0,0,0,29.583262,83.215557,0.0,2.575362,574.0,,0.0768
f3,9,mpc_r,0,0,0,29.579179,82.720981,0.0,2.590013,574.0,,0.0669
f3,9,mpc_rft,0,0,0,29.579179,82.720981,0.0,2.590013,574.0,,0.0669
f3,9,operator,0,0,0,29.446106,86.946889,668.5,2.326006,523.5,,0.0
f3,10,mpc,0,0,0,32.545845,84.215478,0.0,2.979302,,,0.1423
f3,10,mpc_r,0,0,0,32.545845,83.598552,0.0,2.99957,,,0.1423
f3,10,mpc_rft,0,0,0,32.545845,83.598552,0.0,2.99957,,,0.1423
f3,10,operator,0,0,0,32.36487,86.867236,529.5,1.182158,254.5,,0.0
f3,11,mpc,0,0,0,32.582925,83.862702,0.0,1.342561,284.0,,0.0767
f3,11,mpc_r,0,0,0,32.583783,83.334837,0.0,1.355806,284.0,,0.0661
f3,11,mpc_rft,0,0,0,32.583782,83.334837,0.0,1.355806,284.0,,0.0661
f3,11,operator,0,0,0,32.351645,86.448113,581.0,1.085038,195.5,,0.0
f3,12,mpc,0,0,0,35.827306,84.465872,0.0,3.513688,,,0.0822
f3,12,mpc_r,0,0,0,35.827278,83.915145,0.0,3.532197,,,0.0712
f3,12,mpc_rft,0,0,0,35.827278,83.915145,0.0,3.532197,,,0.0712
f3,12,operator,0,0,0,35.359752,87.52821,550.0,1.025939,144.0,,0.0
f3,13,mpc,0,0,0,34.83342,84.150683,0.0,3.454549,,,0.1582
f3,13,mpc_r,0,0,0,34.83342,83.621284,0.0,3.471564,,,0.1101
f3,13,mpc_rft,0,0,0,34.83342,83.621284,0.0,3.471564,,,0.1101
f3,13,operator,0,0,0,34.902662,87.353272,579.5,1.814674,348.0,,0.0
f3,14,mpc,0,0,0,27.666164,85.015773,12.0,5.380768,,,0.2869
f3,14,mpc_r,0,0,0,27.666164,84.510949,0.0,5.396334,,,0.2423
f3,14,mpc_rft,0,0,0,27.666164,84.511067,0.0,5.396331,,,0.2423
f3,14,operator,0,0,0,27.95211,89.187807,609.5,1.53326,208.5,,0.0
f3,15,mpc,0,0,0,33.923152,84.213636,0.0,1.428524,332.0,,0.0745
f3,15,mpc_r,0,0,0,33.918782,83.673838,0.0,1.445195,332.0,,0.0637
f3,15,mpc_rft,0,0,0,33.918782,83.673838,0.0,1.445195,332.0,,0.0637
f3,15,operator,0,0,0,33.913884,86.82404,549.0,1.289754,307.5,,0.0
f3,16,mpc,0,0,0,38.322792,83.542403,0.0,1.343649,224.0,,0.0776
f3,16,mpc_r,0,0,0,38.351627,83.069583,0.0,1.359837,224.0,,0.0681
f3,16,mpc_rft,0,0,0,38.351627,83.069583,0.0,1.359837,224.0,,0.0681
f3,16,operator,0,0,0,37.542815,86.018068,598.0,1.197536,192.5,,0.0
f3,17,mpc,0,0,0,39.333689,84.15194,0.0,2.924224,,,0.1465
f3,17,mpc_r,0,0,0,39.333689,83.656998,0.0,2.936553,,,0.126
f3,17,mpc_rft,0,0,0,39.333689,83.656998,0.0,2.936553,,,0.126
f3,17,operator,0,0,0,39.123547,87.052414,596.5,1.96419,430.5,,0.0
f3,18,mpc,0,0,0,26.621804,84.183781,0.0,2.15269,560.0,,0.0805
f3,18,mpc_r,0,0,0,26.621804,83.694726,0.0,2.162713,560.0,,0.0707
f3,18,mpc_rft,0,0,0,26.621804,83.694726,0.0,2.162713,560.0,,0.0707
f3,18,operator,0,0,0,26.332149,87.002421,613.5,1.304467,290.0,,0.0
f3,19,mpc,0,0,0,34.695502,84.253511,0.0,2.90832,614.0,,0.2006
f3,19,mpc_r,0,0,0,34.695502,83.849893,0.0,2.917488,614.0,,0.0892
f3,19,mpc_rft,0,0,0,34.695502,83.849893,0.0,2.917488,614.0,,0.0892
f3,19,operator,0,0,0,34.583159,87.459313,628.0,2.102656,413.0,,0.0
f3,20,mpc,0,0,0,45.6965,84.257023,0.0,3.606569,,,0.2112
f3,20,mpc_r,0,0,0,46.216423,83.737086,0.0,3.606569,,,0.1758
f3,20,mpc_rft,0,0,0,46.198724,83.754791,0.0,3.606569,,,0.1758
f3,20,operator,0,0,0,41.882793,87.787159,650.0,3.614905,,,0.0
f3,21,mpc,0,0,0,28.032305,83.338347,0.0,3.483085,,,0.1887
f3,21,mpc_r,0,0,0,28.032305,82.822833,0.0,3.498961,,,0.1139
f3,21,mpc_rft,0,0,0,28.032305,82.822867,0.0,3.49896,,,0.1139
f3,21,operator,0,0,0,28.091565,86.468169,590.0,2.692411,531.0,,0.0
f3,22,mpc,0,0,0,42.996304,85.178446,73.0,2.97886,,,0.264
f3,22,mpc_r,0,0,0,43.62606,84.548646,0.0,2.978861,,,0.2222
f3,22,mpc_rft,0,0,0,43.57273,84.601989,0.0,2.978861,,,0.2222
f3,22,operator,0,0,0,39.046658,88.906102,592.5,2.983355,,,0.0
f3,23,mpc,0,0,0,37.428229,85.078064,49.5,4.529759,,,0.258
f3,23,mpc_r,0,0,0,37.428229,84.424432,0.0,4.549511,,,0.2171
f3,23,mpc_rft,0,0,0,37.428229,84.424432,0.0,4.549511,,,0.2171
f3,23,operator,0,0,0,36.762624,88.877373,581.0,1.022477,150.0,,0.0
f3,24,mpc,0,0,0,64.400145,83.930778,0.0,3.136605,,,0.259
f3,24,mpc_r,0,0,0,64.986116,83.344772,0.0,3.136606,,,0.2139
f3,24,mpc_rft,0,0,0,64.986116,83.344772,0.0,3.136606,,,0.2139
f3,24,operator,0,0,0,60.231757,87.787836,634.0,3.141914,,,0.0
f3,25,mpc,0,0,0,28.104162,84.0969,0.0,3.644159,,,0.0822
f3,25,mpc_r,0,0,0,28.104162,83.622566,0.0,3.658618,,,0.0728
f3,25,mpc_rft,0,0,0,28.104162,83.622566,0.0,3.658618,,,0.0728
f3,25,operator,0,0,0,28.016567,87.419419,606.5,2.329016,449.0,,0.0
f3,26,mpc,0,0,0,33.171643,84.354858,0.0,5.47383,,,0.2445
f3,26,mpc_r,0,0,0,33.171644,83.814947,0.0,5.496297,,,0.0953
f3,26,mpc_rft,0,0,0,33.171644,83.814947,0.0,5.496297,,,0.0953
f3,26,operator,0,0,0,32.81688,87.436554,613.0,2.181463,302.0,,0.0
f3,27,mpc,0,0,0,41.925408,84.437816,0.0,4.425342,,,0.2087
f3,27,mpc_r,0,0,0,42.455716,83.907489,0.0,4.425343,,,0.155
f3,27,mpc_rft,0,0,0,42.455796,83.907409,0.0,4.425343,,,0.155
f3,27,operator,0,0,0,38.072193,88.258039,660.0,4.425357,,,0.0
f3,28,mpc,0,0,0,38.950897,83.251526,0.0,1.788946,316.0,,0.0756
f3,28,mpc_r,0,0,0,38.950897,82.876229,0.0,1.805942,316.0,,0.0681
f3,28,mpc_rft,0,0,0,38.950897,82.876229,0.0,1.805942,316.0,,0.0681
f3,28,operator,0,0,0,38.69153,87.716742,538.0,1.014119,157.0,,0.0
f3,29,mpc,0,0,0,28.441992,84.602279,0.0,4.22109,,,0.1897
f3,29,mpc_r,0,0,0,28.441992,84.098069,0.0,4.236005,,,0.1414
f3,29,mpc_rft,0,0,0,28.441992,84.098069,0.0,4.236005,,,0.1414
f3,29,operator,0,0,0,28.894132,88.226749,628.0,1.656548,228.0,,0.0
f3,30,mpc,0,0,0,44.949065,83.945621,0.0,4.135621,,,0.3711
f3,30,mpc_r,0,0,0,45.47184,83.422784,0.0,4.135622,,,0.3361
f3,30,mpc_rft,0,0,0,45.471788,83.422836,0.0,4.135622,,,0.3361
f3,30,operator,0,0,0,39.711669,88.492932,636.0,4.145093,,,0.0
f3,31,mpc,0,0,0,37.815165,83.891148,0.0,5.476903,,,0.2827
f3,31,mpc_r,0,0,0,37.815165,83.299371,0.0,5.500161,,,0.1701
f3,31,mpc_rft,0,0,0,37.815165,83.299371,0.0,5.500161,,,0.1701
f3,31,operator,0,0,0,37.72711,87.831758,573.5,2.546551,353.5,,0.0
f3,32,mpc,0,0,0,26.324269,84.020387,0.0,4.500682,,,0.2661
f3,32,mpc_r,0,0,0,26.324269,83.499069,0.0,4.516511,,,0.1987
f3,32,mpc_rft,0,0,0,26.324269,83.499069,0.0,4.516511,,,0.1987
f3,32,operator,0,0,0,26.589653,88.22491,621.5,1.340339,165.0,,0.0
f3,33,mpc,0,0,0,39.554609,84.022647,0.0,3.93825,,,0.2002
f3,33,mpc_r,0,0,0,40.026017,83.551203,0.0,3.938251,,,0.1701
f3,33,mpc_rft,0,0,0,40.029496,83.547724,0.0,3.938251,,,0.1701
f3,33,operator,0,0,0,35.365779,88.08717,634.0,3.941515,,,0.0
f3,34,mpc,0,0,0,26.201078,83.852731,0.0,1.42057,384.0,,0.0741
f3,34,mpc_r,0,0,0,26.198585,83.411125,0.0,1.429224,384.0,,0.0653
f3,34,mpc_rft,0,0,0,26.198585,83.411122,0.0,1.429224,384.0,,0.0653
f3,34,operator,0,0,0,26.064889,86.736973,574.5,1.321512,355.0,,0.0
f3,35,mpc,0,0,0,37.805283,83.363589,0.0,1.383961,284.0,,0.0746
f3,35,mpc_r,0,0,0,37.804925,82.818214,0.0,1.401482,284.0,,0.0637
f3,35,mpc_rft,0,0,0,37.804925,82.818214,0.0,1.401482,284.0,,0.0637
f3,35,operator,0,0,0,37.41688,86.170266,569.5,1.213734,247.0,,0.0
f3,36,mpc,0,0,0,28.672939,85.018413,11.0,3.370591,,,0.3779
f3,36,mpc_r,0,0,0,28.672907,84.456376,0.0,3.380648,,,0.2982
f3,36,mpc_rft,0,0,0,28.672907,84.456371,0.0,3.380648,,,0.2982
f3,36,operator,0,0,0,28.537681,89.00577,590.5,2.973854,634.0,,0.0
f3,37,mpc,0,0,0,38.562045,84.099531,0.0,3.137137,,,0.1521
f3,37,mpc_r,0,0,0,38.579339,83.632526,0.0,2.511066,522.0,,0.1368
f3,37,mpc_rft,0,0,0,38.579339,83.632527,0.0,2.511066,522.0,,0.1368
f3,37,operator,0,0,0,38.978448,87.065811,599.0,2.249825,472.5,,0.0
f3,38,mpc,0,0,0,32.577792,84.079198,0.0,2.697657,570.0,,0.1221
f3,38,mpc_r,0,0,0,32.577792,83.589435,0.0,2.714303,570.0,,0.0886
f3,38,mpc_rft,0,0,0,32.577792,83.589435,0.0,2.714303,570.0,,0.0886
f3,38,operator,0,0,0,32.621205,86.980295,628.5,1.943828,382.5,,0.0
f3,39,mpc,0,0,0,73.500272,84.503496,0.0,2.853127,,,0.3008
f3,39,mpc_r,0,0,0,74.106833,83.89691,0.0,2.853127,,,0.2455
f3,39,mpc_rft,0,0,0,74.106833,83.89691,0.0,2.853127,,,0.2455
f3,39,operator,0,0,0,69.253485,88.442747,633.5,2.859803,,,0.0
f3,40,mpc,0,0,0,31.762974,83.023877,0.0,1.441779,384.0,,0.0748
f3,40,mpc_r,0,0,0,31.755062,82.568377,0.0,1.451592,384.0,,0.0656
f3,40,mpc_rft,0,0,0,31.755062,82.568377,0.0,1.451592,384.0,,0.0656
f3,40,operator,0,0,0,31.719352,85.988614,547.0,1.315678,346.0,,0.0
f3,41,mpc,0,0,0,25.622913,84.521558,0.0,3.260095,,,0.2525
f3,41,mpc_r,0,0,0,25.622913,83.937713,0.0,3.273712,,,0.1883
f3,41,mpc_rft,0,0,0,25.622913,83.937713,0.0,3.273712,,,0.1883
f3,41,operator,0,0,0,25.558715,88.148277,566.0,1.613279,319.0,,0.0
f3,42,mpc,0,0,0,33.108844,84.601616,0.0,1.162026,326.0,,0.2713
f3,42,mpc_r,0,0,0,33.111103,84.114423,0.0,1.162399,326.0,,0.1954
f3,42,mpc_rft,0,0,0,33.111103,84.114421,0.0,1.162399,326.0,,0.1954
f3,42,operator,0,0,0,33.391926,88.326538,625.0,2.607582,545.0,,0.0
f3,43,mpc,0,0,0,26.053601,83.59533,0.0,2.943251,,,0.194
f3,43,mpc_r,0,0,0,26.065494,83.086789,0.0,2.952899,,,0.1562
f3,43,mpc_rft,0,0,0,26.065494,83.086792,0.0,2.952899,,,0.1562
f3,43,operator,0,0,0,26.27295,86.964743,610.5,1.815118,399.0,,0.0
f3,44,mpc,0,0,0,35.420251,83.702625,0.0,4.229693,,,0.0834
f3,44,mpc_r,0,0,0,35.415669,83.332645,0.0,4.24222,,,0.076
f3,44,mpc_rft,0,0,0,35.415669,83.332645,0.0,4.24222,,,0.076
f3,44,operator,0,0,0,35.528867,87.144338,595.5,2.833565,493.0,,0.0
f3,45,mpc,0,0,0,38.94419,84.383832,0.0,2.55788,644.0,,0.1086
f3,45,mpc_r,0,0,0,38.94419,83.891756,0.0,2.569239,644.0,,0.0875
f3,45,mpc_rft,0,0,0,38.94419,83.891756,0.0,2.569239,644.0,,0.0875
f3,45,operator,0,0,0,39.01266,87.388605,648.5,1.922563,441.5,,0.0
f3,46,mpc,0,0,0,31.676632,84.186988,0.0,2.642797,,,0.1321
f3,46,mpc_r,0,0,0,31.676632,83.790922,0.0,2.652313,,,0.0686
f3,46,mpc_rft,0,0,0,31.676632,83.789952,0.0,2.652337,,,0.0685
f3,46,operator,0,0,0,31.670991,87.436009,646.0,1.555298,316.5,,0.0
f3,47,mpc,0,0,0,26.550426,84.337864,0.0,3.955428,,,0.2913
f3,47,mpc_r,0,0,0,26.550426,83.90007,0.0,3.966636,,,0.1807
f3,47,mpc_rft,0,0,0,26.550426,83.900136,0.0,3.966634,,,0.1807
f3,47,operator,0,0,0,26.58463,88.044311,633.0,1.955828,286.0,,0.0
f3,48,mpc,0,0,0,33.834476,84.570768,0.0,3.972817,,,0.2769
f3,48,mpc_r,0,0,0,34.324934,84.080272,0.0,3.972818,,,0.2333
f3,48,mpc_rft,0,0,0,34.324933,84.080273,0.0,3.972818,,,0.2333
f3,48,operator,0,0,0,30.260538,87.837041,616.0,3.979429,,,0.0
f3,49,mpc,0,0,0,38.425881,84.218368,0.0,4.670876,,,0.1566
f3,49,mpc_r,0,0,0,38.425858,83.760109,0.0,4.682286,,,0.0819
f3,49,mpc_rft,0,0,0,38.425859,83.7602,0.0,4.682283,,,0.0819
f3,49,operator,0,0,0,38.573286,88.558389,657.0,4.155768,633.0,,0.0
f4,0,mpc,1,1,0,10.057455,64.156046,469.5,1.334737,,222.0,0.15
f4,0,mpc_r,1,1,0,10.057441,64.156086,469.5,1.334737,,222.0,0.15
f4,0,mpc_rft,0,0,0,27.925912,64.11514,0.0,1.004316,226.0,222.0,0.5438
f4,0,operator,1,1,0,10.057284,64.156224,471.0,1.334739,,220.5,0.0
f4,1,mpc,1,1,0,9.30725,48.452316,395.5,1.33621,,297.0,0.15
f4,1,mpc_r,1,1,0,9.30725,48.452322,395.5,1.33621,,297.0,0.15
f4,1,mpc_rft,0,0,0,24.069223,48.324679,0.0,1.022405,318.0,297.0,0.5482
f4,1,operator,1,1,0,9.307165,48.452387,396.5,1.336211,,297.0,0.0
f4,2,mpc,1,1,0,10.480171,67.730622,428.5,1.285409,,234.0,0.15
f4,2,mpc_r,1,1,0,10.480171,67.730633,428.5,1.285409,,234.0,0.15
f4,2,mpc_rft,0,0,0,25.732429,67.730665,0.0,0.996457,270.0,234.0,0.4953
f4,2,operator,1,1,0,10.480152,67.730709,430.0,1.285409,,231.5,0.0
f4,3,mpc,1,1,0,9.962544,49.475628,531.0,1.842327,,123.0,0.15
f4,3,mpc_r,1,1,0,9.962544,49.475624,531.0,1.842327,,123.0,0.15
f4,3,mpc_rft,0,0,0,33.41409,49.458362,0.0,0.996603,146.0,123.0,0.4694
f4,3,operator,1,1,0,10.234203,49.475774,532.0,1.832529,,121.5,0.0
f4,4,mpc,1,1,0,10.310644,80.273992,357.0,1.335189,,286.5,0.15
f4,4,mpc_r,1,1,0,10.310644,80.273999,357.0,1.335189,,286.5,0.15
f4,4,mpc_rft,0,0,0,26.893345,80.27403,0.0,0.999379,334.0,286.5,0.4627
f4,4,operator,1,1,0,10.098633,80.274122,358.0,1.339483,,286.5,0.0
f4,5,mpc,1,1,0,10.12108,79.912482,477.5,2.003356,,158.5,0.15
f4,5,mpc_r,1,1,0,10.12108,79.912474,477.5,2.003356,,158.5,0.15
f4,5,mpc_rft,0,0,0,37.533588,79.87896,0.0,0.985589,188.0,158.5,0.4354
f4,5,operator,1,1,0,10.42586,79.912621,479.0,1.992039,,158.0,0.0
f4,6,mpc,1,1,0,10.146322,64.732904,405.0,1.798879,,228.0,0.15
f4,6,mpc_r,1,1,0,10.146322,64.732895,405.0,1.798879,,228.0,0.15
f4,6,mpc_rft,0,0,0,39.132872,64.683282,0.0,0.999583,232.0,228.0,0.4396
f4,6,operator,1,1,0,10.14622,64.733076,406.5,1.798881,,226.5,0.0
f4,7,mpc,1,1,0,10.22274,64.281985,300.0,1.340755,,361.0,0.15
f4,7,mpc_r,1,1,0,10.22274,64.282,300.0,1.340755,,361.0,0.15
f4,7,mpc_rft,0,0,0,27.767626,64.241787,0.0,1.001643,388.0,361.0,0.4781
f4,7,operator,1,1,0,10.222693,64.282103,300.0,1.340756,,361.0,0.0
f4,8,mpc,1,1,0,9.793442,60.40972,435.0,1.698129,,198.0,0.15
f4,8,mpc_r,1,1,0,9.793442,60.409712,435.0,1.698129,,198.0,0.15
f4,8,mpc_rft,0,0,0,35.972945,60.399713,0.0,1.002898,234.0,198.0,0.4301
f4,8,operator,1,1,0,9.793399,60.409834,435.5,1.698129,,197.5,0.0
f4,9,mpc,1,1,0,9.712683,60.966279,514.5,1.825733,,116.5,0.15
f4,9,mpc_r,1,1,0,9.712683,60.96627,514.5,1.825733,,116.5,0.15
f4,9,mpc_rft,0,0,0,35.240786,60.910591,0.0,1.008934,152.0,116.5,0.4333
f4,9,operator,1,1,0,9.712643,60.966388,515.5,1.825734,,116.5,0.0
f4,10,mpc,1,1,0,10.20474,52.041703,475.5,1.453041,,192.5,0.15
f4,10,mpc_r,1,1,0,10.20474,52.04171,475.5,1.453041,,192.5,0.15
f4,10,mpc_rft,0,0,0,26.836891,52.028759,0.0,0.9925,228.0,192.5,0.4944
f4,10,operator,1,1,0,10.046151,52.041851,476.0,1.457432,,192.5,0.0
f4,11,mpc,1,1,0,10.351147,51.636879,433.0,1.566493,,201.0,0.15
f4,11,mpc_r,1,1,0,10.351147,51.636872,433.0,1.566493,,201.0,0.15
f4,11,mpc_rft,0,0,0,36.081801,51.584427,0.0,0.993166,238.0,201.0,0.4434
f4,11,operator,1,1,0,10.204638,51.636956,434.0,1.569757,,201.0,0.0
f4,12,mpc,1,1,0,10.042727,77.079714,360.0,1.826112,,240.0,0.15
f4,12,mpc_r,1,1,0,10.042727,77.079706,360.0,1.826112,,240.0,0.15
f4,12,mpc_rft,0,0,0,36.355061,77.066308,0.0,0.997549,282.0,240.0,0.4061
f4,12,operator,1,1,0,10.144465,77.079815,361.5,1.822908,,238.0,0.0
f4,13,mpc,1,1,0,9.730883,64.624617,495.0,2.246397,,146.5,0.15
f4,13,mpc_r,1,1,0,9.730883,64.624608,495.0,2.246397,,146.5,0.15
f4,13,mpc_rft,0,0,0,39.2741,64.58746,0.0,1.00444,162.0,146.5,0.459
f4,13,operator,1,1,0,9.730781,64.624714,496.5,2.246399,,146.0,0.0
f4,14,mpc,1,1,0,10.232224,60.827499,367.0,1.522788,,282.0,0.15
f4,14,mpc_r,1,1,0,10.232224,60.82749,367.0,1.522788,,282.0,0.15
f4,14,mpc_rft,0,0,0,34.427404,60.769334,0.0,0.990638,306.0,282.0,0.4613
f4,14,operator,1,1,0,10.092554,60.827626,367.5,1.525859,,282.0,0.0
f4,15,mpc,1,1,0,9.666977,80.938153,534.5,1.436416,,148.5,0.15
f4,15,mpc_r,1,1,0,9.666977,80.938168,534.5,1.436416,,148.5,0.15
f4,15,mpc_rft,0,0,0,26.343436,80.908726,0.0,1.015769,176.0,148.5,0.5158
f4,15,operator,1,1,0,9.506912,80.938279,535.5,1.440452,,148.5,0.0
f4,16,mpc,1,1,0,10.435426,59.916229,471.5,1.571118,,179.0,0.15
f4,16,mpc_r,1,1,0,10.435426,59.916222,471.5,1.571118,,179.0,0.15
f4,16,mpc_rft,0,0,0,32.401492,59.87425,0.0,0.995557,210.0,179.0,0.4695
f4,16,operator,1,1,0,10.16282,59.916364,472.5,1.57826,,179.0,0.0
f4,17,mpc,1,1,0,9.058505,56.541507,467.5,2.181343,,155.5,0.15
f4,17,mpc_r,1,1,0,9.058505,56.5415,467.5,2.181343,,155.5,0.15
f4,17,mpc_rft,0,0,0,38.901229,56.541447,0.0,1.025325,184.0,155.5,0.4182
f4,17,operator,1,1,0,9.189721,56.541624,469.0,2.17626,,154.5,0.0
f4,18,mpc,1,1,0,10.013836,62.388428,322.0,1.689532,,277.0,0.15
f4,18,mpc_r,1,1,0,10.013836,62.388419,322.0,1.689532,,277.0,0.15
f4,18,mpc_rft,0,0,0,37.642641,62.345634,0.0,0.999972,310.0,277.0,0.4068
f4,18,operator,1,1,0,10.013818,62.388521,323.5,1.689532,,275.0,0.0
f4,19,mpc,1,1,0,9.553849,79.730127,404.5,1.565072,,246.0,0.15
f4,19,mpc_r,1,1,0,9.553849,79.730119,404.5,1.565072,,246.0,0.15
f4,19,mpc_rft,0,0,0,34.767121,79.730148,0.0,1.005603,276.0,246.0,0.4632
f4,19,operator,1,1,0,9.552278,79.730281,404.5,1.565106,,246.0,0.0
f4,20,mpc,1,1,0,9.462685,62.935306,329.5,1.821584,,285.0,0.15
f4,20,mpc_r,1,1,0,9.462685,62.935297,329.5,1.821584,,285.0,0.15
f4,20,mpc_rft,0,0,0,38.035549,62.935289,0.0,1.016631,302.0,285.0,0.4354
f4,20,operator,1,1,0,9.266983,62.935429,330.5,1.827096,,283.0,0.0
f4,21,mpc,1,1,0,9.752294,73.015661,432.0,1.696689,,219.5,0.15
f4,21,mpc_r,1,1,0,9.752294,73.015652,432.0,1.696689,,219.5,0.15
f4,21,mpc_rft,0,0,0,33.479881,72.997107,0.0,1.008531,250.0,219.5,0.4581
f4,21,operator,1,1,0,9.752211,73.015794,432.0,1.69669,,219.5,0.0
f4,22,mpc,1,1,0,9.256369,80.782563,443.5,1.421174,,225.0,0.15
f4,22,mpc_r,1,1,0,9.256369,80.780529,443.5,1.421174,,225.0,0.15
f4,22,mpc_rft,0,0,0,25.219509,80.78053,0.0,1.012857,258.0,225.0,0.4987
f4,22,operator,1,1,0,9.256334,81.820629,443.5,1.421174,,225.0,0.0
f4,23,mpc,1,1,0,10.002297,53.507796,306.5,1.31781,,371.0,0.15
f4,23,mpc_r,1,1,0,10.002297,53.50782,306.5,1.31781,,371.0,0.15
f4,23,mpc_rft,0,0,0,27.781591,53.459646,0.0,1.003959,374.0,371.0,0.5207
f4,23,operator,1,1,0,9.904743,53.507918,307.5,1.319531,,369.5,0.0
f4,24,mpc,1,1,0,9.692403,66.872048,553.0,1.668384,,116.0,0.15
f4,24,mpc_r,1,1,0,9.692403,66.872053,553.0,1.668384,,116.0,0.15
f4,24,mpc_rft,0,0,0,31.947604,66.821184,0.0,1.000407,136.0,116.0,0.4995
f4,24,operator,1,1,0,9.850177,66.87224,554.0,1.663646,,115.0,0.0
f4,25,mpc,1,1,0,9.603238,74.280295,426.5,1.465204,,249.0,0.15
f4,25,mpc_r,1,1,0,9.603233,74.28031,426.5,1.465204,,249.0,0.15
f4,25,mpc_rft,0,0,0,30.164075,74.269124,0.0,1.0077,270.0,249.0,0.5
f4,25,operator,1,1,0,9.597703,74.280487,427.5,1.465326,,247.5,0.0
f4,26,mpc,1,1,0,9.784562,53.689044,490.0,2.069121,,146.5,0.15
f4,26,mpc_r,1,1,0,9.784562,53.689035,490.0,2.069121,,146.5,0.15
f4,26,mpc_rft,0,0,0,37.397454,53.664488,0.0,1.017535,172.0,146.5,0.4418
f4,26,operator,1,1,0,9.784493,53.689185,491.5,2.069122,,144.0,0.0
f4,27,mpc,1,1,0,10.630812,63.288433,380.5,1.794519,,247.0,0.15
f4,27,mpc_r,1,1,0,10.630812,63.288424,380.5,1.794519,,247.0,0.15
f4,27,mpc_rft,0,0,0,35.397672,63.238047,0.0,0.992271,274.0,247.0,0.4417
f4,27,operator,1,1,0,10.519968,63.28854,381.0,1.798108,,247.0,0.0
f4,28,mpc,1,1,0,10.31196,60.432098,369.5,1.41935,,273.0,0.15
f4,28,mpc_r,1,1,0,10.31196,60.432094,369.5,1.41935,,273.0,0.15
f4,28,mpc_rft,0,0,0,31.194182,60.411289,0.0,0.994072,308.0,273.0,0.4623
f4,28,operator,1,1,0,10.311935,60.432205,371.0,1.41935,,271.5,0.0
f4,29,mpc,1,1,0,10.058205,74.610282,477.5,1.591615,,196.5,0.15
f4,29,mpc_r,1,1,0,10.058205,74.610291,477.5,1.591615,,196.5,0.15
f4,29,mpc_rft,0,0,0,32.366329,74.577363,0.0,0.995692,216.0,196.5,0.5132
f4,29,operator,1,1,0,10.058061,74.610478,478.5,1.591617,,195.0,0.0
f4,30,mpc,1,1,0,9.809802,51.052314,398.5,1.428088,,268.0,0.15
f4,30,mpc_r,1,1,0,9.809802,51.052325,398.5,1.428088,,268.0,0.15
f4,30,mpc_rft,0,0,0,27.211027,51.052391,0.0,1.00611,304.0,268.0,0.4893
f4,30,operator,1,1,0,9.80975,51.052461,398.5,1.428089,,268.0,0.0
f4,31,mpc,1,1,0,9.674373,73.852095,530.5,1.694902,,114.5,0.15
f4,31,mpc_r,1,1,0,9.674373,73.852088,530.5,1.694902,,114.5,0.15
f4,31,mpc_rft,0,0,0,36.601972,73.829335,0.0,1.006457,148.0,114.5,0.4479
f4,31,operator,1,1,0,9.664717,73.852207,531.5,1.695148,,113.5,0.0
f4,32,mpc,1,1,0,10.017404,53.324673,368.0,1.384762,,274.5,0.15
f4,32,mpc_r,1,1,0,10.017404,53.324679,368.0,1.384762,,274.5,0.15
f4,32,mpc_rft,0,0,0,30.205966,53.280292,0.0,0.998344,310.0,274.5,0.4684
f4,32,operator,1,1,0,10.01738,53.324773,368.5,1.384762,,274.5,0.0
f4,33,mpc,1,1,0,10.392866,71.925674,509.0,1.531382,,167.5,0.15
f4,33,mpc_r,1,1,0,10.392866,71.925689,509.0,1.531382,,167.5,0.15
f4,33,mpc_rft,0,0,0,30.086282,71.905597,0.0,0.987147,184.0,167.5,0.5138
f4,33,operator,1,1,0,10.230704,71.92585,509.5,1.535861,,167.5,0.0
f4,34,mpc,1,1,0,10.123448,54.118224,326.5,1.89823,,257.0,0.15
f4,34,mpc_r,1,1,0,10.123448,54.118217,326.5,1.89823,,257.0,0.15
f4,34,mpc_rft,0,0,0,39.377096,54.08271,0.0,0.995956,298.0,257.0,0.3925
f4,34,operator,1,1,0,10.026214,54.118311,327.0,1.901229,,257.0,0.0
f4,35,mpc,1,1,0,9.928656,61.245635,490.0,1.474966,,170.5,0.15
f4,35,mpc_r,1,1,0,9.928656,61.245635,490.0,1.474966,,170.5,0.15
f4,35,mpc_rft,0,0,0,31.518172,61.245749,0.0,1.001871,198.0,170.5,0.4863
f4,35,operator,1,1,0,9.782885,61.245821,491.0,1.478159,,169.5,0.0
f4,36,mpc,1,1,0,10.081322,52.306397,434.0,1.906438,,197.0,0.15
f4,36,mpc_r,1,1,0,10.081322,52.306387,434.0,1.906438,,197.0,0.15
f4,36,mpc_rft,0,0,0,36.304267,52.251813,0.0,0.998499,220.0,197.0,0.4519
f4,36,operator,1,1,0,9.971793,52.306551,434.5,1.91023,,196.0,0.0
f4,37,mpc,1,1,0,9.691332,75.562398,426.0,1.660257,,217.5,0.15
f4,37,mpc_r,1,1,0,9.691332,75.562389,426.0,1.660257,,217.5,0.15
f4,37,mpc_rft,0,0,0,32.658413,75.541052,0.0,1.010866,258.0,217.5,0.4652
f4,37,operator,1,1,0,9.549116,75.562532,427.0,1.664277,,215.5,0.0
f4,38,mpc,1,1,0,9.896192,55.264157,448.0,1.802846,,185.0,0.15
f4,38,mpc_r,1,1,0,9.896192,55.264148,448.0,1.802846,,185.0,0.15
f4,38,mpc_rft,0,0,0,37.469389,55.220223,0.0,0.999589,198.0,185.0,0.4457
f4,38,operator,1,1,0,10.117117,55.264311,448.5,1.796409,,184.5,0.0
f4,39,mpc,1,1,0,9.96349,63.023521,465.5,1.733544,,187.5,0.15
f4,39,mpc_r,1,1,0,9.96349,63.023513,465.5,1.733544,,187.5,0.15
f4,39,mpc_rft,0,0,0,35.877026,63.001897,0.0,0.997396,206.0,187.5,0.4638
f4,39,operator,1,1,0,9.963376,63.023658,465.5,1.733546,,187.5,0.0
f4,40,mpc,1,1,0,9.693704,52.749091,517.5,2.085613,,118.5,0.15
f4,40,mpc_r,1,1,0,9.693704,52.749082,517.5,2.085613,,118.5,0.15
f4,40,mpc_rft,0,0,0,39.128849,52.733687,0.0,1.011385,136.0,118.5,0.4398
f4,40,operator,1,1,0,9.693607,52.749226,519.0,2.085615,,117.5,0.0
f4,41,mpc,1,1,0,9.968873,61.975045,470.5,2.053612,,168.0,0.15
f4,41,mpc_r,1,1,0,9.968873,61.975035,470.5,2.053612,,168.0,0.15
f4,41,mpc_rft,0,0,0,39.243957,61.922071,0.0,1.005248,172.0,168.0,0.4308
f4,41,operator,1,1,0,10.08945,61.975234,471.0,2.049291,,168.0,0.0
f4,42,mpc,1,1,0,10.023032,49.641995,508.5,1.353671,,182.5,0.15
f4,42,mpc_r,1,1,0,10.023032,49.642019,508.5,1.353671,,182.5,0.15
f4,42,mpc_rft,0,0,0,25.320984,49.602335,0.0,1.004686,202.0,182.5,0.5584
f4,42,operator,1,1,0,9.728429,49.642129,509.5,1.36039,,181.5,0.0
f4,43,mpc,1,1,0,9.888325,56.940822,483.5,1.68709,,174.5,0.15
f4,43,mpc_r,1,1,0,9.888325,56.940819,483.5,1.68709,,174.5,0.15
f4,43,mpc_rft,0,0,0,33.647625,56.917837,0.0,1.008329,196.0,174.5,0.472
f4,43,operator,1,1,0,9.888226,56.94101,484.5,1.687092,,173.5,0.0
f4,44,mpc,1,1,0,10.147802,66.448011,345.0,1.579557,,296.0,0.15
f4,44,mpc_r,1,1,0,10.147802,66.448005,345.0,1.579557,,296.0,0.15
f4,44,mpc_rft,0,0,0,36.488556,66.406439,0.0,1.005542,300.0,296.0,0.4396
f4,44,operator,1,1,0,10.255231,66.448189,345.5,1.577215,,295.5,0.0
f4,45,mpc,1,1,0,10.157967,68.203502,426.0,1.655035,,221.0,0.15
f4,45,mpc_r,1,1,0,10.157967,68.203493,426.0,1.655035,,221.0,0.15
f4,45,mpc_rft,0,0,0,32.922229,68.178225,0.0,1.006119,258.0,221.0,0.4572
f4,45,operator,1,1,0,10.157905,68.20363,426.0,1.655036,,221.0,0.0
f4,46,mpc,1,1,0,10.163462,66.253725,460.5,1.708249,,214.5,0.15
f4,46,mpc_r,1,1,0,10.163462,66.25373,460.5,1.708249,,214.5,0.15
f4,46,mpc_rft,0,0,0,33.194105,66.243731,0.0,0.995769,228.0,214.5,0.5077
f4,46,operator,1,1,0,10.157198,66.25395,462.0,1.70844,,212.0,0.0
f4,47,mpc,1,1,0,10.162463,65.05975,480.0,2.000014,,111.5,0.15
f4,47,mpc_r,1,1,0,10.162463,65.059745,480.0,2.000014,,111.5,0.15
f4,47,mpc_rft,0,0,0,40.058897,65.040639,0.0,0.993,156.0,111.5,0.375
f4,47,operator,1,1,0,10.277082,65.059811,480.5,1.996153,,111.5,0.0
f4,48,mpc,1,1,0,9.701924,68.990224,506.0,1.70462,,140.5,0.15
f4,48,mpc_r,1,1,0,9.701924,68.990214,506.0,1.70462,,140.5,0.15
f4,48,mpc_rft,0,0,0,32.485815,68.945489,0.0,1.002924,174.0,140.5,0.4743
f4,48,operator,1,1,0,9.701882,68.990372,506.0,1.704621,,140.5,0.0
f4,49,mpc,1,1,0,9.854398,53.901563,428.0,1.357569,,273.5,0.15
f4,49,mpc_r,1,1,0,9.854398,53.901557,428.0,1.357569,,273.5,0.15
f4,49,mpc_rft,0,0,0,24.880091,53.746465,0.0,1.010326,276.0,273.5,0.5906
f4,49,operator,1,1,0,9.704354,53.901656,429.5,1.361034,,271.5,0.0
normal,0,mpc,0,0,0,28.85637,68.748639,0.0,1.009193,270.0,,0.0103
normal,0,mpc_r,0,0,0,28.85637,68.74864,0.0,1.009193,270.0,,0.0103
normal,0,mpc_rft,0,0,0,28.85637,68.74864,0.0,1.009193,270.0,,0.0103
normal,0,operator,0,0,0,28.940247,68.754779,0.0,1.00709,263.5,,0.0
normal,1,mpc,0,0,0,34.501061,47.640899,0.0,0.99811,302.0,,0.0313
normal,1,mpc_r,0,0,0,34.501061,47.640899,0.0,0.99811,302.0,,0.0313
normal,1,mpc_rft,0,0,0,34.501061,47.640899,0.0,0.99811,302.0,,0.0313
normal,1,operator,0,0,0,32.837867,47.64106,0.0,1.061639,299.0,,0.0
normal,2,mpc,0,0,0,27.988604,60.075626,0.0,0.996367,308.0,,0.0242
normal,2,mpc_r,0,0,0,27.988604,60.075618,0.0,0.996367,308.0,,0.0242
normal,2,mpc_rft,0,0,0,27.988604,60.075618,0.0,0.996367,308.0,,0.0242
normal,2,operator,0,0,0,27.847407,60.125723,0.0,0.999211,303.0,,0.0
normal,3,mpc,0,0,0,31.008789,56.343744,0.0,0.977294,322.0,,0.0006
normal,3,mpc_r,0,0,0,31.008789,56.343744,0.0,0.977294,322.0,,0.0006
normal,3,mpc_rft,0,0,0,31.008789,56.343744,0.0,0.977294,322.0,,0.0006
normal,3,operator,0,0,0,30.986821,56.351441,0.0,0.977846,317.0,,0.0
normal,4,mpc,0,0,0,26.971451,51.67076,0.0,0.997242,236.0,,0.0562
normal,4,mpc_r,0,0,0,26.971451,51.67076,0.0,0.997242,236.0,,0.0562
normal,4,mpc_rft,0,0,0,26.971451,51.67076,0.0,0.997242,236.0,,0.0562
normal,4,operator,0,0,0,26.933869,51.714589,0.0,0.998405,221.5,,0.0
normal,5,mpc,0,0,0,26.987046,81.645019,0.0,1.01234,296.0,,0.0679
normal,5,mpc_r,0,0,0,26.987046,81.645014,0.0,1.01234,296.0,,0.0679
normal,5,mpc_rft,0,0,0,26.987046,81.645014,0.0,1.01234,296.0,,0.0679
normal,5,operator,0,0,0,26.580765,81.691183,0.0,1.023567,291.0,,0.0
normal,6,mpc,0,0,0,31.020912,71.177283,0.0,1.002001,228.0,,0.0
normal,6,mpc_r,0,0,0,31.020912,71.177283,0.0,1.002001,228.0,,0.0
normal,6,mpc_rft,0,0,0,31.020912,71.177283,0.0,1.002001,228.0,,0.0
normal,6,operator,0,0,0,30.296594,71.219582,0.0,1.02405,227.0,,0.0
normal,7,mpc,0,0,0,31.078871,78.063024,0.0,1.016201,218.0,,0.0
normal,7,mpc_r,0,0,0,31.078871,78.063024,0.0,1.016201,218.0,,0.0
normal,7,mpc_rft,0,0,0,31.078871,78.063024,0.0,1.016201,218.0,,0.0
normal,7,operator,0,0,0,30.408414,78.117405,0.0,1.031968,210.0,,0.0
normal,8,mpc,0,0,0,31.096039,77.334966,0.0,0.996304,364.0,,0.0
normal,8,mpc_r,0,0,0,31.096039,77.334966,0.0,0.996304,364.0,,0.0
normal,8,mpc_rft,0,0,0,31.096039,77.334966,0.0,0.996304,364.0,,0.0
normal,8,operator,0,0,0,30.956661,77.387437,0.0,1.000866,361.0,,0.0
normal,9,mpc,0,0,0,33.47327,57.125317,0.0,0.998603,200.0,,0.0
normal,9,mpc_r,0,0,0,33.47327,57.125317,0.0,0.998603,200.0,,0.0
normal,9,mpc_rft,0,0,0,33.47327,57.125317,0.0,0.998603,200.0,,0.0
normal,9,operator,0,0,0,33.488404,57.179204,0.0,0.998051,194.0,,0.0
normal,10,mpc,0,0,0,30.528853,65.915661,0.0,1.011919,440.0,,0.0
normal,10,mpc_r,0,0,0,30.528853,65.915661,0.0,1.011919,440.0,,0.0
normal,10,mpc_rft,0,0,0,30.528853,65.915661,0.0,1.011919,440.0,,0.0
normal,10,operator,0,0,0,29.430654,65.96199,0.0,1.033289,439.0,,0.0
normal,11,mpc,0,0,0,31.759825,68.140166,0.0,0.986369,126.0,,0.0917
normal,11,mpc_r,0,0,0,31.759825,68.140166,0.0,0.986369,126.0,,0.0917
normal,11,mpc_rft,0,0,0,31.759825,68.140166,0.0,0.986369,126.0,,0.0917
normal,11,operator,0,0,0,31.482106,68.186118,0.0,0.994363,118.5,,0.0
normal,12,mpc,0,0,0,34.101001,76.339586,0.0,0.98471,338.0,,0.0
normal,12,mpc_r,0,0,0,34.101001,76.339586,0.0,0.98471,338.0,,0.0
normal,12,mpc_rft,0,0,0,34.101001,76.339586,0.0,0.98471,338.0,,0.0
normal,12,operator,0,0,0,34.16236,76.391389,0.0,0.982554,331.5,,0.0
normal,13,mpc,0,0,0,33.447132,53.952567,0.0,0.986102,326.0,,0.0
normal,13,mpc_r,0,0,0,33.447132,53.952567,0.0,0.986102,326.0,,0.0
normal,13,mpc_rft,0,0,0,33.447132,53.952567,0.0,0.986102,326.0,,0.0
normal,13,operator,0,0,0,33.331656,54.000295,0.0,0.98883,323.0,,0.0
normal,14,mpc,0,0,0,37.812738,67.590234,0.0,0.996324,474.0,,0.0
normal,14,mpc_r,0,0,0,37.812738,67.590234,0.0,0.996324,474.0,,0.0
normal,14,mpc_rft,0,0,0,37.812738,67.590234,0.0,0.996324,474.0,,0.0
normal,14,operator,0,0,0,37.486693,67.641441,0.0,1.003685,466.5,,0.0
normal,15,mpc,0,0,0,30.545017,69.615185,0.0,0.993779,164.0,,0.0844
normal,15,mpc_r,0,0,0,30.545017,69.615185,0.0,0.993779,164.0,,0.0844
normal,15,mpc_rft,0,0,0,30.545017,69.615185,0.0,0.993779,164.0,,0.0844
normal,15,operator,0,0,0,30.323252,69.672117,0.0,0.998822,156.5,,0.0
normal,16,mpc,0,0,0,38.987771,64.335245,0.0,1.002532,284.0,,0.0
normal,16,mpc_r,0,0,0,38.987771,64.335245,0.0,1.002532,284.0,,0.0
normal,16,mpc_rft,0,0,0,38.987771,64.335245,0.0,1.002532,284.0,,0.0
normal,16,operator,0,0,0,39.203702,64.371829,0.0,0.994999,277.0,,0.0
normal,17,mpc,0,0,0,34.52431,77.158008,0.0,0.993215,282.0,,0.0597
normal,17,mpc_r,0,0,0,34.52431,77.158008,0.0,0.993215,282.0,,0.0597
normal,17,mpc_rft,0,0,0,34.52431,77.158008,0.0,0.993215,282.0,,0.0597
normal,17,operator,0,0,0,32.748733,77.208014,0.0,1.028731,275.0,,0.0
normal,18,mpc,0,0,0,29.633853,65.011259,0.0,0.994267,406.0,,0.009
normal,18,mpc_r,0,0,0,29.633853,65.011259,0.0,0.994267,406.0,,0.009
normal,18,mpc_rft,0,0,0,29.633853,65.011259,0.0,0.994267,406.0,,0.009
normal,18,operator,0,0,0,28.947292,65.068299,0.0,1.007518,402.0,,0.0
normal,19,mpc,0,0,0,28.775639,63.198067,0.0,1.0064,304.0,,0.1978
normal,19,mpc_r,0,0,0,28.775639,63.198066,0.0,1.0064,304.0,,0.1978
normal,19,mpc_rft,0,0,0,28.775639,63.198066,0.0,1.0064,304.0,,0.1978
normal,19,operator,0,0,0,27.383658,63.198164,0.0,1.041219,298.0,,0.0
normal,20,mpc,0,0,0,32.719349,57.338765,0.0,0.986599,260.0,,0.088
normal,20,mpc_r,0,0,0,32.719349,57.338765,0.0,0.986599,260.0,,0.088
normal,20,mpc_rft,0,0,0,32.719349,57.338765,0.0,0.986599,260.0,,0.088
normal,20,operator,0,0,0,31.293364,57.360109,0.0,1.037254,256.5,,0.0
normal,21,mpc,0,0,0,35.762405,50.940063,0.0,0.995739,138.0,,0.1325
normal,21,mpc_r,0,0,0,35.762405,50.940063,0.0,0.995739,138.0,,0.1325
normal,21,mpc_rft,0,0,0,35.762405,50.940063,0.0,0.995739,138.0,,0.1325
normal,21,operator,0,0,0,35.572422,50.995708,0.0,0.9996,129.5,,0.0
normal,22,mpc,0,0,0,37.44816,81.025044,0.0,0.982659,308.0,,0.0281
normal,22,mpc_r,0,0,0,37.44816,81.013908,0.0,0.982659,308.0,,0.028
normal,22,mpc_rft,0,0,0,37.44816,81.013906,0.0,0.982659,308.0,,0.028
normal,22,operator,0,0,0,36.342148,81.179129,0.0,1.013493,304.0,,0.0
normal,23,mpc,0,0,0,26.433282,80.402171,0.0,0.997897,458.0,,0.0399
normal,23,mpc_r,0,0,0,26.433282,80.402173,0.0,0.997897,458.0,,0.0399
normal,23,mpc_rft,0,0,0,26.433282,80.402173,0.0,0.997897,458.0,,0.0399
normal,23,operator,0,0,0,26.292861,80.402287,0.0,1.000405,453.0,,0.0
normal,24,mpc,0,0,0,38.45681,55.739223,0.0,0.995004,410.0,,0.0
normal,24,mpc_r,0,0,0,38.45681,55.739223,0.0,0.995004,410.0,,0.0
normal,24,mpc_rft,0,0,0,38.45681,55.739223,0.0,0.995004,410.0,,0.0
normal,24,operator,0,0,0,38.088664,55.739393,0.0,1.006442,409.5,,0.0
normal,25,mpc,0,0,0,34.094814,69.931347,0.0,1.026942,144.0,,0.1159
normal,25,mpc_r,0,0,0,34.094814,69.931347,0.0,1.026942,144.0,,0.1159
normal,25,mpc_rft,0,0,0,34.094814,69.931347,0.0,1.026942,144.0,,0.1159
normal,25,operator,0,0,0,32.350045,69.986513,0.0,1.096471,139.0,,0.0
normal,26,mpc,0,0,0,31.31454,67.709135,0.0,1.006489,160.0,,0.0
normal,26,mpc_r,0,0,0,31.31454,67.709135,0.0,1.006489,160.0,,0.0
normal,26,mpc_rft,0,0,0,31.31454,67.709135,0.0,1.006489,160.0,,0.0
normal,26,operator,0,0,0,31.126924,67.756615,0.0,1.012884,150.5,,0.0
normal,27,mpc,0,0,0,30.824097,67.941226,0.0,0.989542,158.0,,0.0
normal,27,mpc_r,0,0,0,30.824097,67.941226,0.0,0.989542,158.0,,0.0
normal,27,mpc_rft,0,0,0,30.824097,67.941226,0.0,0.989542,158.0,,0.0
normal,27,operator,0,0,0,29.9926,67.994793,0.0,1.009546,154.0,,0.0
normal,28,mpc,0,0,0,39.613405,60.238279,0.0,1.004827,214.0,,0.0
normal,28,mpc_r,0,0,0,39.613405,60.238279,0.0,1.004827,214.0,,0.0
normal,28,mpc_rft,0,0,0,39.613405,60.238279,0.0,1.004827,214.0,,0.0
normal,28,operator,0,0,0,39.284804,60.25669,0.0,1.014089,210.5,,0.0
normal,29,mpc,0,0,0,32.625568,76.840417,0.0,1.018341,168.0,,0.0
normal,29,mpc_r,0,0,0,32.625568,76.840417,0.0,1.018341,168.0,,0.0
normal,29,mpc_rft,0,0,0,32.625568,76.840417,0.0,1.018341,168.0,,0.0
normal,29,operator,0,0,0,31.56261,76.840543,0.0,1.063459,168.5,,0.0
normal,30,mpc,0,0,0,29.908835,48.467498,0.0,0.990491,342.0,,0.0084
normal,30,mpc_r,0,0,0,29.908835,48.467498,0.0,0.990491,342.0,,0.0084
normal,30,mpc_rft,0,0,0,29.908835,48.467498,0.0,0.990491,342.0,,0.0084
normal,30,operator,0,0,0,29.203945,48.516365,0.0,1.004602,336.5,,0.0
normal,31,mpc,0,0,0,25.867373,81.274228,0.0,0.998893,286.0,,0.2652
normal,31,mpc_r,0,0,0,25.867373,81.216979,0.0,0.998893,286.0,,0.2652
normal,31,mpc_rft,0,0,0,25.867373,81.216979,0.0,0.998893,286.0,,0.2652
normal,31,operator,0,0,0,25.322297,81.58206,0.0,1.010003,275.0,,0.0
normal,32,mpc,0,0,0,25.280623,58.483792,0.0,1.003906,450.0,,0.0464
normal,32,mpc_r,0,0,0,25.280623,58.483808,0.0,1.003906,450.0,,0.0464
normal,32,mpc_rft,0,0,0,25.280623,58.483808,0.0,1.003906,450.0,,0.0464
normal,32,operator,0,0,0,24.692771,58.483875,0.0,1.013805,447.5,,0.0
normal,33,mpc,0,0,0,33.801051,81.161094,0.0,1.005655,336.0,,0.0263
normal,33,mpc_r,0,0,0,33.801051,81.161094,0.0,1.005655,336.0,,0.0263
normal,33,mpc_rft,0,0,0,33.801051,81.161094,0.0,1.005655,336.0,,0.0263
normal,33,operator,0,0,0,33.031336,81.219204,0.0,1.02151,331.0,,0.0
normal,34,mpc,0,0,0,26.007683,53.197418,0.0,1.009949,404.0,,0.0385
normal,34,mpc_r,0,0,0,26.007683,53.197423,0.0,1.009949,404.0,,0.0385
normal,34,mpc_rft,0,0,0,26.007683,53.197423,0.0,1.009949,404.0,,0.0385
normal,34,operator,0,0,0,25.108465,53.197517,0.0,1.038945,404.5,,0.0
normal,35,mpc,0,0,0,38.503871,62.766918,0.0,0.989919,478.0,,0.0
normal,35,mpc_r,0,0,0,38.503871,62.766918,0.0,0.989919,478.0,,0.0
normal,35,mpc_rft,0,0,0,38.503871,62.766918,0.0,0.989919,478.0,,0.0
normal,35,operator,0,0,0,38.372617,62.814384,0.0,0.993152,471.0,,0.0
normal,36,mpc,0,0,0,27.18153,76.420354,0.0,0.988257,134.0,,0.1799
normal,36,mpc_r,0,0,0,27.18153,76.420358,0.0,0.988257,134.0,,0.1799
normal,36,mpc_rft,0,0,0,27.18153,76.420358,0.0,0.988257,134.0,,0.1799
normal,36,operator,0,0,0,25.849523,76.420463,0.0,1.019071,129.0,,0.0
normal,37,mpc,0,0,0,37.789393,57.699962,0.0,1.020141,262.0,,0.0
normal,37,mpc_r,0,0,0,37.789393,57.699962,0.0,1.020141,262.0,,0.0
normal,37,mpc_rft,0,0,0,37.789393,57.699962,0.0,1.020141,262.0,,0.0
normal,37,operator,0,0,0,36.666975,57.745496,0.0,1.05241,258.0,,0.0
normal,38,mpc,0,0,0,36.231158,50.684335,0.0,1.000518,246.0,,0.0
normal,38,mpc_r,0,0,0,36.231158,50.684335,0.0,1.000518,246.0,,0.0
normal,38,mpc_rft,0,0,0,36.231158,50.684335,0.0,1.000518,246.0,,0.0
normal,38,operator,0,0,0,35.992063,50.684501,0.0,1.007528,241.5,,0.0
normal,39,mpc,0,0,0,35.065093,66.178078,0.0,0.998776,330.0,,0.0
normal,39,mpc_r,0,0,0,35.065093,66.178078,0.0,0.998776,330.0,,0.0
normal,39,mpc_rft,0,0,0,35.065093,66.178078,0.0,0.998776,330.0,,0.0
normal,39,operator,0,0,0,34.346573,66.224924,0.0,1.018408,326.0,,0.0
normal,40,mpc,0,0,0,37.527793,75.617084,0.0,0.998117,266.0,,0.0912
normal,40,mpc_r,0,0,0,37.527793,75.617084,0.0,0.998117,266.0,,0.0912
normal,40,mpc_rft,0,0,0,37.527793,75.617084,0.0,0.998117,266.0,,0.0912
normal,40,operator,0,0,0,36.408253,75.665431,0.0,1.026898,256.0,,0.0
normal,41,mpc,0,0,0,38.284602,61.696971,0.0,0.993312,304.0,,0.0
normal,41,mpc_r,0,0,0,38.284602,61.696971,0.0,0.993312,304.0,,0.0
normal,41,mpc_rft,0,0,0,38.284602,61.696971,0.0,0.993312,304.0,,0.0
normal,41,operator,0,0,0,37.484057,61.750739,0.0,1.011705,301.0,,0.0
normal,42,mpc,0,0,0,32.643496,59.757501,0.0,1.009632,288.0,,0.1286
normal,42,mpc_r,0,0,0,32.643496,59.757501,0.0,1.009632,288.0,,0.1286
normal,42,mpc_rft,0,0,0,32.643496,59.757501,0.0,1.009632,288.0,,0.1286
normal,42,operator,0,0,0,30.529778,59.801548,0.0,1.063472,283.5,,0.0
normal,43,mpc,0,0,0,29.485138,53.36913,0.0,1.00173,314.0,,0.1726
normal,43,mpc_r,0,0,0,29.485138,53.36913,0.0,1.00173,314.0,,0.1726
normal,43,mpc_rft,0,0,0,29.485138,53.36913,0.0,1.00173,314.0,,0.1726
normal,43,operator,0,0,0,27.592785,53.41539,0.0,1.05233,307.5,,0.0
normal,44,mpc,0,0,0,34.940476,77.421567,0.0,0.996708,354.0,,0.0
normal,44,mpc_r,0,0,0,34.940476,77.421567,0.0,0.996708,354.0,,0.0
normal,44,mpc_rft,0,0,0,34.940476,77.421567,0.0,0.996708,354.0,,0.0
normal,44,operator,0,0,0,34.487451,77.479858,0.0,1.011931,347.5,,0.0
normal,45,mpc,0,0,0,30.022649,59.56819,0.0,1.004854,338.0,,0.0
normal,45,mpc_r,0,0,0,30.022649,59.56819,0.0,1.004854,338.0,,0.0
normal,45,mpc_rft,0,0,0,30.022649,59.56819,0.0,1.004854,338.0,,0.0
normal,45,operator,0,0,0,29.392009,59.624673,0.0,1.018464,336.0,,0.0
normal,46,mpc,0,0,0,26.888331,76.559886,0.0,0.99446,338.0,,0.0366
normal,46,mpc_r,0,0,0,26.888331,76.559891,0.0,0.99446,338.0,,0.0366
normal,46,mpc_rft,0,0,0,26.888331,76.559891,0.0,0.99446,338.0,,0.0366
normal,46,operator,0,0,0,26.460472,76.614604,0.0,1.003368,331.5,,0.0
normal,47,mpc,0,0,0,25.622417,63.565388,0.0,1.002276,344.0,,0.0451
normal,47,mpc_r,0,0,0,25.622417,63.565445,0.0,1.002276,344.0,,0.0451
normal,47,mpc_rft,0,0,0,25.622417,63.565445,0.0,1.002276,344.0,,0.0451
normal,47,operator,0,0,0,25.100278,63.605111,0.0,1.015607,340.0,,0.0
normal,48,mpc,0,0,0,25.32594,51.724133,0.0,1.000952,374.0,,0.0485
normal,48,mpc_r,0,0,0,25.32594,51.724087,0.0,1.000952,374.0,,0.0485
normal,48,mpc_rft,0,0,0,25.32594,51.724087,0.0,1.000952,374.0,,0.0485
normal,48,operator,0,0,0,24.871919,51.776156,0.0,1.008798,370.0,,0.0
normal,49,mpc,0,0,0,31.900887,67.447703,0.0,0.999332,384.0,,0.0
normal,49,mpc_r,0,0,0,31.900887,67.447703,0.0,0.999332,384.0,,0.0
normal,49,mpc_rft,0,0,0,31.900887,67.447703,0.0,0.999332,384.0,,0.0
normal,49,operator,0,0,0,31.479655,67.447809,0.0,1.008397,378.0,,0.0
