variant;holat;nosozlik_rez;hodisa_k0;hodisa_turi;lead_DCS;lead_indeks;lead_diag;lead_birgalikda;tashxis;tashxis_rez;togri;lead_indeks_IFsiz;lead_birg_IFsiz;togri_IFsiz;signal_birg;signal_birg_IFsiz
1,000;f1;1,000;332,000;1,000;16,000;26,500;NaN;26,500;overrun;1,000;1,000;16,500;16,500;1,000;1,000;1,000
1,000;f1;2,000;464,000;1,000;30,000;30,000;NaN;30,000;overrun;2,000;1,000;20,000;30,000;1,000;1,000;1,000
1,000;f1;1,000;433,000;1,000;38,500;30,500;NaN;38,500;overrun;1,000;1,000;22,000;38,500;1,000;1,000;1,000
1,000;f1;2,000;621,000;1,000;30,500;31,000;NaN;31,000;overrun;2,000;1,000;22,500;30,500;1,000;1,000;1,000
1,000;f1;1,000;264,000;1,000;17,000;26,500;NaN;26,500;overrun;1,000;1,000;18,500;18,500;1,000;1,000;1,000
1,000;f1;2,000;336,000;1,000;18,500;28,500;NaN;28,500;overrun;2,000;1,000;19,000;19,000;1,000;1,000;1,000
1,000;f1;1,000;316,000;1,000;15,000;25,500;NaN;25,500;overrun;1,000;1,000;16,500;16,500;1,000;1,000;1,000
1,000;f1;2,000;511,000;1,000;22,500;31,500;NaN;31,500;overrun;2,000;1,000;19,500;22,500;1,000;1,000;1,000
1,000;f1;1,000;358,000;1,000;22,500;27,000;NaN;27,000;overrun;1,000;1,000;19,000;22,500;1,000;1,000;1,000
1,000;f1;2,000;376,000;1,000;13,500;25,500;NaN;25,500;overrun;2,000;1,000;17,000;17,000;1,000;1,000;1,000
1,000;f2;1,000;1094,000;1,000;52,000;40,500;127,000;127,000;leak;1,000;1,000;40,500;127,000;1,000;1,000;1,000
1,000;f2;2,000;462,000;1,000;47,000;38,000;106,000;106,000;leak;2,000;1,000;38,000;106,000;1,000;1,000;1,000
1,000;f2;1,000;707,000;1,000;62,500;39,500;93,500;93,500;leak;1,000;1,000;39,500;93,500;1,000;1,000;1,000
1,000;f2;2,000;843,000;1,000;53,500;38,000;106,500;106,500;leak;2,000;1,000;38,000;106,500;1,000;1,000;1,000
1,000;f2;1,000;848,000;1,000;43,000;38,000;124,500;124,500;leak;1,000;1,000;38,000;124,500;1,000;1,000;1,000
1,000;f2;2,000;940,000;1,000;86,500;47,000;168,000;168,000;leak;2,000;1,000;47,000;168,000;1,000;1,000;1,000
1,000;f2;1,000;949,000;1,000;51,000;40,000;100,500;100,500;leak;1,000;1,000;40,000;100,500;1,000;1,000;1,000
1,000;f2;2,000;928,000;1,000;49,000;37,000;95,500;95,500;leak;2,000;1,000;37,000;95,500;1,000;1,000;1,000
1,000;f2;1,000;760,000;1,000;42,000;37,000;73,000;73,000;leak;1,000;1,000;37,000;73,000;1,000;1,000;1,000
1,000;f2;2,000;930,000;1,000;66,000;40,000;150,500;150,500;leak;2,000;1,000;40,000;150,500;1,000;1,000;1,000
1,000;f3;1,000;249,000;2,000;34,000;22,000;NaN;34,000;surge;1,000;1,000;22,000;34,000;1,000;1,000;1,000
1,000;f3;2,000;435,000;2,000;72,000;23,000;NaN;72,000;surge;2,000;1,000;23,000;72,000;1,000;1,000;1,000
1,000;f3;1,000;271,000;2,000;20,500;18,000;NaN;20,500;surge;1,000;1,000;17,500;20,500;1,000;1,000;1,000
1,000;f3;2,000;500,000;2,000;42,500;22,000;NaN;42,500;surge;2,000;1,000;22,000;42,500;1,000;1,000;1,000
1,000;f3;1,000;194,000;2,000;24,500;22,500;NaN;24,500;surge;1,000;1,000;16,000;24,500;1,000;1,000;1,000
1,000;f3;2,000;224,000;2,000;25,000;20,000;NaN;25,000;surge;2,000;1,000;20,000;25,000;1,000;1,000;1,000
1,000;f3;1,000;208,000;2,000;39,000;22,000;NaN;39,000;surge;1,000;1,000;22,000;39,000;1,000;1,000;1,000
1,000;f3;2,000;322,000;2,000;41,000;22,000;NaN;41,000;surge;2,000;1,000;22,000;41,000;1,000;1,000;1,000
1,000;f3;1,000;201,000;2,000;31,000;23,500;NaN;31,000;surge;1,000;1,000;23,500;31,000;1,000;1,000;1,000
1,000;f3;2,000;137,000;2,000;19,500;20,000;NaN;20,000;surge;2,000;1,000;20,000;20,000;1,000;1,000;1,000
1,000;f4;1,000;704,000;1,000;NaN;40,500;82,000;82,000;freeze;1,000;1,000;36,000;82,000;1,000;1,000;1,000
1,000;f4;2,000;532,000;1,000;NaN;45,500;111,000;111,000;freeze;2,000;1,000;36,000;111,000;1,000;1,000;1,000
1,000;f4;1,000;535,000;1,000;NaN;47,500;111,500;111,500;freeze;1,000;1,000;39,000;111,500;1,000;1,000;1,000
1,000;f4;2,000;447,000;1,000;NaN;41,000;86,500;86,500;freeze;2,000;1,000;36,000;86,500;1,000;1,000;1,000
1,000;f4;1,000;602,000;1,000;NaN;47,500;127,000;127,000;freeze;1,000;1,000;35,500;127,000;1,000;1,000;1,000
1,000;f4;2,000;500,000;1,000;NaN;41,000;76,000;76,000;freeze;2,000;1,000;37,500;76,000;1,000;1,000;1,000
1,000;f4;1,000;515,000;1,000;NaN;43,500;89,000;89,000;freeze;1,000;1,000;35,500;89,000;1,000;1,000;1,000
1,000;f4;2,000;632,000;1,000;NaN;46,500;118,500;118,500;freeze;2,000;1,000;37,500;118,500;1,000;1,000;1,000
1,000;f4;1,000;745,000;1,000;NaN;44,000;161,500;161,500;freeze;1,000;1,000;37,000;161,500;1,000;1,000;1,000
1,000;f4;2,000;576,000;1,000;NaN;44,000;108,000;108,000;freeze;2,000;1,000;34,000;108,000;1,000;1,000;1,000
1,000;f5;1,000;498,000;3,000;130,000;125,000;145,500;145,500;press;1,000;1,000;125,000;145,500;1,000;1,000;1,000
1,000;f5;2,000;930,000;3,000;340,500;71,500;390,500;390,500;press;2,000;1,000;71,500;390,500;1,000;1,000;1,000
1,000;f5;1,000;778,000;3,000;251,500;125,000;286,500;286,500;press;1,000;1,000;88,000;286,500;1,000;1,000;1,000
1,000;f5;2,000;485,000;3,000;177,500;131,500;201,000;201,000;press;2,000;1,000;131,500;201,000;1,000;1,000;1,000
1,000;f5;1,000;346,000;3,000;105,000;104,000;132,500;132,500;press;1,000;1,000;104,000;132,500;1,000;1,000;1,000
1,000;f5;2,000;508,000;3,000;71,000;77,500;79,000;79,000;press;2,000;1,000;77,500;79,000;1,000;1,000;1,000
1,000;f5;1,000;985,000;3,000;356,000;162,000;403,000;403,000;press;1,000;1,000;137,500;403,000;1,000;1,000;1,000
1,000;f5;2,000;1008,000;3,000;338,000;301,000;360,000;360,000;press;2,000;1,000;144,500;360,000;1,000;1,000;1,000
1,000;f5;1,000;549,000;3,000;103,500;110,000;116,500;116,500;press;1,000;1,000;110,000;116,500;1,000;1,000;1,000
1,000;f5;2,000;891,000;3,000;269,000;157,000;303,500;303,500;press;2,000;1,000;156,500;303,500;1,000;1,000;1,000
1,000;f7;1,000;895,000;2,000;220,500;40,000;259,500;259,500;recirc;1,000;1,000;40,000;259,500;1,000;1,000;1,000
1,000;f7;2,000;634,000;2,000;156,000;29,500;184,000;184,000;recirc;2,000;1,000;20,500;184,000;1,000;1,000;1,000
1,000;f7;1,000;917,000;2,000;160,000;44,000;366,500;366,500;recirc;1,000;1,000;44,000;366,500;1,000;1,000;1,000
1,000;f7;2,000;1059,000;2,000;182,000;45,000;330,500;330,500;recirc;2,000;1,000;45,000;330,500;1,000;1,000;1,000
1,000;f7;1,000;406,000;2,000;44,000;38,000;73,500;73,500;recirc;1,000;1,000;38,000;73,500;1,000;1,000;1,000
1,000;f7;2,000;828,000;2,000;170,500;36,500;312,500;312,500;recirc;2,000;1,000;36,500;312,500;1,000;1,000;1,000
1,000;f7;1,000;954,000;2,000;208,500;62,500;323,500;323,500;recirc;1,000;1,000;36,000;323,500;1,000;1,000;1,000
1,000;f7;2,000;1198,000;2,000;244,500;37,000;506,500;506,500;recirc;2,000;1,000;37,000;506,500;1,000;1,000;1,000
1,000;f7;1,000;379,000;2,000;64,500;46,000;94,500;94,500;recirc;1,000;1,000;46,000;94,500;1,000;1,000;1,000
1,000;f7;2,000;973,000;2,000;182,500;54,000;299,500;299,500;recirc;2,000;1,000;54,000;299,500;1,000;1,000;1,000
1,000;f6;1,000;416,000;1,000;0,000;NaN;0,000;0,000;nan;1,000;1,000;NaN;0,000;1,000;1,000;1,000
1,000;f6;2,000;490,000;1,000;0,000;NaN;0,000;0,000;nan;2,000;1,000;NaN;0,000;1,000;1,000;1,000
1,000;f6;1,000;544,000;1,000;0,000;NaN;0,000;0,000;nan;1,000;1,000;NaN;0,000;1,000;1,000;1,000
1,000;f6;2,000;596,000;1,000;0,000;NaN;0,000;0,000;nan;2,000;1,000;NaN;0,000;1,000;1,000;1,000
1,000;f6;1,000;569,000;1,000;0,000;NaN;0,000;0,000;nan;1,000;1,000;NaN;0,000;1,000;1,000;1,000
1,000;f6;2,000;559,000;1,000;0,000;NaN;0,000;0,000;nan;2,000;1,000;NaN;0,000;1,000;1,000;1,000
1,000;f6;1,000;279,000;1,000;0,000;NaN;0,000;0,000;nan;1,000;1,000;NaN;0,000;1,000;1,000;1,000
1,000;f6;2,000;574,000;1,000;0,000;NaN;0,000;0,000;nan;2,000;1,000;NaN;0,000;1,000;1,000;1,000
1,000;f6;1,000;194,000;1,000;0,000;NaN;0,000;0,000;nan;1,000;1,000;NaN;0,000;1,000;1,000;1,000
1,000;f6;2,000;340,000;1,000;0,000;NaN;0,000;0,000;nan;2,000;1,000;NaN;0,000;1,000;1,000;1,000
1,000;normal;1,000;-1,000;0,000;NaN;NaN;NaN;NaN;none;1,000;1,000;NaN;NaN;1,000;0,000;0,000
1,000;normal;1,000;-1,000;0,000;NaN;NaN;NaN;NaN;none;1,000;1,000;NaN;NaN;1,000;0,000;0,000
1,000;normal;1,000;-1,000;0,000;NaN;NaN;NaN;NaN;none;1,000;1,000;NaN;NaN;1,000;0,000;0,000
1,000;normal;1,000;-1,000;0,000;NaN;NaN;NaN;NaN;none;1,000;1,000;NaN;NaN;1,000;0,000;0,000
1,000;normal;1,000;-1,000;0,000;NaN;NaN;NaN;NaN;none;1,000;1,000;NaN;NaN;1,000;0,000;0,000
1,000;normal;1,000;-1,000;0,000;NaN;NaN;NaN;NaN;none;1,000;1,000;NaN;NaN;1,000;0,000;0,000
1,000;normal;1,000;-1,000;0,000;NaN;NaN;NaN;NaN;none;1,000;1,000;NaN;NaN;1,000;0,000;0,000
1,000;normal;1,000;-1,000;0,000;NaN;NaN;NaN;NaN;none;1,000;1,000;NaN;NaN;1,000;0,000;0,000
1,000;normal;1,000;-1,000;0,000;NaN;NaN;NaN;NaN;none;1,000;1,000;NaN;NaN;1,000;0,000;0,000
1,000;normal;1,000;-1,000;0,000;NaN;NaN;NaN;NaN;none;1,000;1,000;NaN;NaN;1,000;0,000;0,000
1,000;normal;1,000;-1,000;0,000;NaN;NaN;NaN;NaN;none;1,000;1,000;NaN;NaN;1,000;1,000;1,000
1,000;normal;1,000;-1,000;0,000;NaN;NaN;NaN;NaN;none;1,000;1,000;NaN;NaN;1,000;0,000;0,000
1,000;normal;1,000;-1,000;0,000;NaN;NaN;NaN;NaN;none;1,000;1,000;NaN;NaN;1,000;0,000;0,000
1,000;normal;1,000;-1,000;0,000;NaN;NaN;NaN;NaN;none;1,000;1,000;NaN;NaN;1,000;0,000;0,000
1,000;normal;1,000;-1,000;0,000;NaN;NaN;NaN;NaN;none;1,000;1,000;NaN;NaN;1,000;0,000;0,000
1,000;normal;1,000;-1,000;0,000;NaN;NaN;NaN;NaN;none;1,000;1,000;NaN;NaN;1,000;0,000;0,000
1,000;normal;1,000;-1,000;0,000;NaN;NaN;NaN;NaN;none;1,000;1,000;NaN;NaN;1,000;0,000;0,000
1,000;normal;1,000;-1,000;0,000;NaN;NaN;NaN;NaN;none;1,000;1,000;NaN;NaN;1,000;0,000;0,000
1,000;normal;1,000;-1,000;0,000;NaN;NaN;NaN;NaN;none;1,000;1,000;NaN;NaN;1,000;0,000;0,000
1,000;normal;1,000;-1,000;0,000;NaN;NaN;NaN;NaN;none;1,000;1,000;NaN;NaN;1,000;0,000;0,000
1,000;normal;1,000;-1,000;0,000;NaN;NaN;NaN;NaN;none;1,000;1,000;NaN;NaN;1,000;0,000;0,000
1,000;normal;1,000;-1,000;0,000;NaN;NaN;NaN;NaN;none;1,000;1,000;NaN;NaN;1,000;0,000;0,000
1,000;normal;1,000;-1,000;0,000;NaN;NaN;NaN;NaN;none;1,000;1,000;NaN;NaN;1,000;0,000;0,000
1,000;normal;1,000;-1,000;0,000;NaN;NaN;NaN;NaN;none;1,000;1,000;NaN;NaN;1,000;0,000;0,000
1,000;normal;1,000;-1,000;0,000;NaN;NaN;NaN;NaN;none;1,000;1,000;NaN;NaN;1,000;0,000;0,000
1,000;normal;1,000;-1,000;0,000;NaN;NaN;NaN;NaN;none;1,000;1,000;NaN;NaN;1,000;0,000;0,000
1,000;normal;1,000;-1,000;0,000;NaN;NaN;NaN;NaN;none;1,000;1,000;NaN;NaN;1,000;0,000;0,000
1,000;normal;1,000;-1,000;0,000;NaN;NaN;NaN;NaN;none;1,000;1,000;NaN;NaN;1,000;0,000;0,000
1,000;normal;1,000;-1,000;0,000;NaN;NaN;NaN;NaN;none;1,000;1,000;NaN;NaN;1,000;0,000;0,000
1,000;normal;1,000;-1,000;0,000;NaN;NaN;NaN;NaN;none;1,000;1,000;NaN;NaN;1,000;0,000;0,000
1,000;normal;1,000;-1,000;0,000;NaN;NaN;NaN;NaN;none;1,000;1,000;NaN;NaN;1,000;0,000;0,000
1,000;normal;1,000;-1,000;0,000;NaN;NaN;NaN;NaN;none;1,000;1,000;NaN;NaN;1,000;0,000;0,000
1,000;normal;1,000;-1,000;0,000;NaN;NaN;NaN;NaN;none;1,000;1,000;NaN;NaN;1,000;0,000;0,000
1,000;normal;1,000;-1,000;0,000;NaN;NaN;NaN;NaN;none;1,000;1,000;NaN;NaN;1,000;0,000;0,000
1,000;normal;1,000;-1,000;0,000;NaN;NaN;NaN;NaN;none;1,000;1,000;NaN;NaN;1,000;0,000;0,000
1,000;normal;1,000;-1,000;0,000;NaN;NaN;NaN;NaN;surge;1,000;0,000;NaN;NaN;0,000;0,000;0,000
1,000;normal;1,000;-1,000;0,000;NaN;NaN;NaN;NaN;none;1,000;1,000;NaN;NaN;1,000;0,000;0,000
1,000;normal;1,000;-1,000;0,000;NaN;NaN;NaN;NaN;none;1,000;1,000;NaN;NaN;1,000;0,000;0,000
1,000;normal;1,000;-1,000;0,000;NaN;NaN;NaN;NaN;none;1,000;1,000;NaN;NaN;1,000;0,000;0,000
1,000;normal;1,000;-1,000;0,000;NaN;NaN;NaN;NaN;none;1,000;1,000;NaN;NaN;1,000;0,000;0,000
1,000;normal;1,000;-1,000;0,000;NaN;NaN;NaN;NaN;none;1,000;1,000;NaN;NaN;1,000;0,000;0,000
1,000;normal;1,000;-1,000;0,000;NaN;NaN;NaN;NaN;none;1,000;1,000;NaN;NaN;1,000;0,000;0,000
1,000;normal;1,000;-1,000;0,000;NaN;NaN;NaN;NaN;none;1,000;1,000;NaN;NaN;1,000;1,000;0,000
1,000;normal;1,000;-1,000;0,000;NaN;NaN;NaN;NaN;none;1,000;1,000;NaN;NaN;1,000;0,000;0,000
1,000;normal;1,000;-1,000;0,000;NaN;NaN;NaN;NaN;none;1,000;1,000;NaN;NaN;1,000;0,000;0,000
1,000;normal;1,000;-1,000;0,000;NaN;NaN;NaN;NaN;none;1,000;1,000;NaN;NaN;1,000;0,000;0,000
1,000;normal;1,000;-1,000;0,000;NaN;NaN;NaN;NaN;none;1,000;1,000;NaN;NaN;1,000;0,000;0,000
1,000;normal;1,000;-1,000;0,000;NaN;NaN;NaN;NaN;none;1,000;1,000;NaN;NaN;1,000;0,000;0,000
1,000;normal;1,000;-1,000;0,000;NaN;NaN;NaN;NaN;none;1,000;1,000;NaN;NaN;1,000;0,000;0,000
1,000;normal;1,000;-1,000;0,000;NaN;NaN;NaN;NaN;none;1,000;1,000;NaN;NaN;1,000;0,000;0,000
2,000;f1;1,000;589,000;1,000;34,500;27,500;NaN;34,500;overrun;1,000;1,000;20,500;34,500;1,000;1,000;1,000
2,000;f1;2,000;773,000;1,000;40,000;32,500;NaN;40,000;overrun;2,000;1,000;22,500;40,000;1,000;1,000;1,000
2,000;f1;1,000;641,000;1,000;40,000;28,500;NaN;40,000;overrun;1,000;1,000;22,000;40,000;1,000;1,000;1,000
2,000;f1;2,000;271,000;1,000;21,500;29,000;NaN;29,000;overrun;2,000;1,000;18,000;21,500;1,000;1,000;1,000
2,000;f1;1,000;598,000;1,000;28,500;29,500;NaN;29,500;overrun;1,000;1,000;21,000;28,500;1,000;1,000;1,000
2,000;f1;2,000;319,000;1,000;19,000;25,500;NaN;25,500;overrun;2,000;1,000;19,000;19,000;1,000;1,000;1,000
2,000;f1;1,000;701,000;1,000;47,000;33,500;NaN;47,000;overrun;1,000;1,000;23,000;47,000;1,000;1,000;1,000
2,000;f1;2,000;456,000;1,000;16,500;25,500;NaN;25,500;overrun;2,000;1,000;18,500;18,500;1,000;1,000;1,000
2,000;f1;1,000;379,000;1,000;21,500;29,500;NaN;29,500;overrun;1,000;1,000;20,000;21,500;1,000;1,000;1,000
2,000;f1;2,000;457,000;1,000;19,000;27,500;NaN;27,500;overrun;2,000;1,000;19,500;19,500;1,000;1,000;1,000
2,000;f2;1,000;748,000;1,000;38,500;35,500;102,000;102,000;leak;1,000;1,000;35,500;102,000;1,000;1,000;1,000
2,000;f2;2,000;993,000;1,000;85,500;45,500;162,500;162,500;leak;2,000;1,000;45,500;162,500;1,000;1,000;1,000
2,000;f2;1,000;859,000;1,000;55,000;40,000;78,500;78,500;leak;1,000;1,000;40,000;78,500;1,000;1,000;1,000
2,000;f2;2,000;657,000;1,000;50,500;39,500;109,000;109,000;leak;2,000;1,000;39,500;109,000;1,000;1,000;1,000
2,000;f2;1,000;755,000;1,000;59,500;40,500;89,000;89,000;leak;1,000;1,000;40,500;89,000;1,000;1,000;1,000
2,000;f2;2,000;590,000;1,000;39,000;37,500;101,500;101,500;leak;2,000;1,000;37,500;101,500;1,000;1,000;1,000
2,000;f2;1,000;954,000;1,000;47,000;35,000;83,000;83,000;leak;1,000;1,000;35,000;83,000;1,000;1,000;1,000
2,000;f2;2,000;930,000;1,000;70,500;42,500;138,500;138,500;leak;2,000;1,000;42,500;138,500;1,000;1,000;1,000
2,000;f2;1,000;917,000;1,000;92,000;44,500;140,500;140,500;leak;1,000;1,000;44,500;140,500;1,000;1,000;1,000
2,000;f2;2,000;790,000;1,000;65,500;41,500;126,500;126,500;leak;2,000;1,000;41,500;126,500;1,000;1,000;1,000
2,000;f3;1,000;302,000;2,000;35,000;22,500;NaN;35,000;surge;1,000;1,000;22,500;35,000;1,000;1,000;1,000
2,000;f3;2,000;225,000;2,000;21,500;22,000;NaN;22,000;surge;2,000;1,000;21,000;21,500;1,000;1,000;1,000
2,000;f3;1,000;372,000;2,000;54,000;24,000;NaN;54,000;surge;1,000;1,000;24,000;54,000;1,000;1,000;1,000
2,000;f3;2,000;178,000;2,000;23,500;22,500;NaN;23,500;surge;2,000;1,000;22,500;23,500;1,000;1,000;1,000
2,000;f3;1,000;460,000;2,000;56,500;28,000;NaN;56,500;surge;1,000;1,000;27,500;56,500;1,000;1,000;1,000
2,000;f3;2,000;333,000;2,000;23,000;18,500;NaN;23,000;surge;2,000;1,000;17,500;23,000;1,000;1,000;1,000
2,000;f3;1,000;271,000;2,000;61,500;24,000;NaN;61,500;surge;1,000;1,000;24,000;61,500;1,000;1,000;1,000
2,000;f3;2,000;206,000;2,000;39,000;22,000;NaN;39,000;surge;2,000;1,000;22,000;39,000;1,000;1,000;1,000
2,000;f3;1,000;257,000;2,000;67,000;27,000;NaN;67,000;surge;1,000;1,000;27,000;67,000;1,000;1,000;1,000
2,000;f3;2,000;305,000;2,000;25,000;21,000;NaN;25,000;surge;2,000;1,000;21,000;25,000;1,000;1,000;1,000
2,000;f4;1,000;385,000;1,000;NaN;43,500;111,000;111,000;freeze;1,000;1,000;33,000;111,000;1,000;1,000;1,000
2,000;f4;2,000;431,000;1,000;NaN;43,500;97,000;97,000;freeze;2,000;1,000;33,500;97,000;1,000;1,000;1,000
2,000;f4;1,000;583,000;1,000;NaN;43,500;111,500;111,500;freeze;1,000;1,000;37,000;111,500;1,000;1,000;1,000
2,000;f4;2,000;769,000;1,000;NaN;50,500;160,500;160,500;freeze;2,000;1,000;41,500;160,500;1,000;1,000;1,000
2,000;f4;1,000;589,000;1,000;NaN;45,000;71,500;71,500;freeze;1,000;1,000;34,000;71,500;1,000;1,000;1,000
2,000;f4;2,000;680,000;1,000;NaN;43,000;118,000;118,000;freeze;2,000;1,000;36,000;118,000;1,000;1,000;1,000
2,000;f4;1,000;849,000;1,000;NaN;49,000;149,000;149,000;freeze;1,000;1,000;41,500;149,000;1,000;1,000;1,000
2,000;f4;2,000;813,000;1,000;NaN;49,500;183,000;183,000;freeze;2,000;1,000;40,000;183,000;1,000;1,000;1,000
2,000;f4;1,000;454,000;1,000;NaN;44,000;87,500;87,500;freeze;1,000;1,000;31,500;87,500;1,000;1,000;1,000
2,000;f4;2,000;659,000;1,000;NaN;47,000;121,000;121,000;freeze;2,000;1,000;41,500;121,000;1,000;1,000;1,000
2,000;f5;1,000;1037,000;3,000;315,000;92,000;359,500;359,500;press;1,000;1,000;92,000;359,500;1,000;1,000;1,000
2,000;f5;2,000;1138,000;3,000;353,500;169,500;397,000;397,000;press;2,000;1,000;169,500;397,000;1,000;1,000;1,000
2,000;f5;1,000;876,000;3,000;328,000;286,000;349,500;349,500;press;1,000;1,000;197,000;349,500;1,000;1,000;1,000
2,000;f5;2,000;620,000;3,000;143,500;141,000;159,000;159,000;press;2,000;1,000;141,000;159,000;1,000;1,000;1,000
2,000;f5;1,000;996,000;3,000;406,000;138,500;463,500;463,500;press;1,000;1,000;126,000;463,500;1,000;1,000;1,000
2,000;f5;2,000;463,000;3,000;106,000;114,000;117,000;117,000;press;2,000;1,000;114,000;117,000;1,000;1,000;1,000
2,000;f5;1,000;1166,000;3,000;356,500;185,000;406,500;406,500;press;1,000;1,000;154,500;406,500;1,000;1,000;1,000
2,000;f5;2,000;299,000;3,000;71,500;73,000;87,500;87,500;press;2,000;1,000;73,000;87,500;1,000;1,000;1,000
2,000;f5;1,000;757,000;3,000;179,000;144,000;205,000;205,000;press;1,000;1,000;144,000;205,000;1,000;1,000;1,000
2,000;f5;2,000;509,000;3,000;166,000;167,500;193,500;193,500;press;2,000;1,000;167,500;193,500;1,000;1,000;1,000
2,000;f7;1,000;437,000;2,000;49,500;41,500;52,000;52,000;recirc;1,000;1,000;41,500;52,000;1,000;1,000;1,000
2,000;f7;2,000;643,000;2,000;95,500;78,500;177,500;177,500;recirc;2,000;1,000;78,500;177,500;1,000;1,000;1,000
2,000;f7;1,000;813,000;2,000;183,500;56,500;234,000;234,000;recirc;1,000;1,000;56,500;234,000;1,000;1,000;1,000
2,000;f7;2,000;710,000;2,000;153,000;139,500;214,000;214,000;recirc;2,000;1,000;139,500;214,000;1,000;1,000;1,000
2,000;f7;1,000;1049,000;2,000;177,000;64,000;351,500;351,500;recirc;1,000;1,000;40,000;351,500;1,000;1,000;1,000
2,000;f7;2,000;433,000;2,000;48,500;32,500;75,500;75,500;recirc;2,000;1,000;32,500;75,500;1,000;1,000;1,000
2,000;f7;1,000;1163,000;2,000;199,500;48,000;498,500;498,500;recirc;1,000;1,000;48,000;498,500;1,000;1,000;1,000
2,000;f7;2,000;770,000;2,000;175,000;26,000;303,000;303,000;recirc;2,000;1,000;26,000;303,000;1,000;1,000;1,000
2,000;f7;1,000;621,000;2,000;164,000;30,500;200,000;200,000;recirc;1,000;1,000;30,500;200,000;1,000;1,000;1,000
2,000;f7;2,000;604,000;2,000;180,500;35,500;215,000;215,000;recirc;2,000;1,000;35,500;215,000;1,000;1,000;1,000
2,000;f6;1,000;226,000;1,000;0,000;NaN;0,000;0,000;nan;1,000;1,000;NaN;0,000;1,000;1,000;1,000
2,000;f6;2,000;197,000;1,000;0,000;NaN;0,000;0,000;nan;2,000;1,000;NaN;0,000;1,000;1,000;1,000
2,000;f6;1,000;267,000;1,000;0,000;NaN;0,000;0,000;nan;1,000;1,000;NaN;0,000;1,000;1,000;1,000
2,000;f6;2,000;208,000;1,000;0,000;NaN;0,000;0,000;nan;2,000;1,000;NaN;0,000;1,000;1,000;1,000
2,000;f6;1,000;232,000;1,000;0,000;NaN;0,000;0,000;nan;1,000;1,000;NaN;0,000;1,000;1,000;1,000
2,000;f6;2,000;244,000;1,000;0,000;NaN;0,000;0,000;nan;2,000;1,000;NaN;0,000;1,000;1,000;1,000
2,000;f6;1,000;552,000;1,000;0,000;NaN;0,000;0,000;nan;1,000;1,000;NaN;0,000;1,000;1,000;1,000
2,000;f6;2,000;252,000;1,000;0,000;NaN;0,000;0,000;nan;2,000;1,000;NaN;0,000;1,000;1,000;1,000
2,000;f6;1,000;485,000;1,000;0,000;NaN;0,000;0,000;nan;1,000;1,000;NaN;0,000;1,000;1,000;1,000
2,000;f6;2,000;158,000;1,000;0,000;NaN;0,000;0,000;nan;2,000;1,000;NaN;0,000;1,000;1,000;1,000
2,000;normal;1,000;-1,000;0,000;NaN;NaN;NaN;NaN;none;1,000;1,000;NaN;NaN;1,000;0,000;0,000
2,000;normal;1,000;-1,000;0,000;NaN;NaN;NaN;NaN;none;1,000;1,000;NaN;NaN;1,000;0,000;0,000
2,000;normal;1,000;-1,000;0,000;NaN;NaN;NaN;NaN;none;1,000;1,000;NaN;NaN;1,000;0,000;0,000
2,000;normal;1,000;-1,000;0,000;NaN;NaN;NaN;NaN;none;1,000;1,000;NaN;NaN;1,000;0,000;0,000
2,000;normal;1,000;-1,000;0,000;NaN;NaN;NaN;NaN;none;1,000;1,000;NaN;NaN;1,000;0,000;0,000
2,000;normal;1,000;-1,000;0,000;NaN;NaN;NaN;NaN;none;1,000;1,000;NaN;NaN;1,000;0,000;0,000
2,000;normal;1,000;-1,000;0,000;NaN;NaN;NaN;NaN;none;1,000;1,000;NaN;NaN;1,000;0,000;0,000
2,000;normal;1,000;-1,000;0,000;NaN;NaN;NaN;NaN;none;1,000;1,000;NaN;NaN;1,000;0,000;0,000
2,000;normal;1,000;-1,000;0,000;NaN;NaN;NaN;NaN;none;1,000;1,000;NaN;NaN;1,000;0,000;0,000
2,000;normal;1,000;-1,000;0,000;NaN;NaN;NaN;NaN;none;1,000;1,000;NaN;NaN;1,000;0,000;0,000
2,000;normal;1,000;-1,000;0,000;NaN;NaN;NaN;NaN;none;1,000;1,000;NaN;NaN;1,000;0,000;0,000
2,000;normal;1,000;-1,000;0,000;NaN;NaN;NaN;NaN;none;1,000;1,000;NaN;NaN;1,000;0,000;0,000
2,000;normal;1,000;-1,000;0,000;NaN;NaN;NaN;NaN;none;1,000;1,000;NaN;NaN;1,000;0,000;0,000
2,000;normal;1,000;-1,000;0,000;NaN;NaN;NaN;NaN;none;1,000;1,000;NaN;NaN;1,000;0,000;0,000
2,000;normal;1,000;-1,000;0,000;NaN;NaN;NaN;NaN;none;1,000;1,000;NaN;NaN;1,000;0,000;0,000
2,000;normal;1,000;-1,000;0,000;NaN;NaN;NaN;NaN;none;1,000;1,000;NaN;NaN;1,000;0,000;0,000
2,000;normal;1,000;-1,000;0,000;NaN;NaN;NaN;NaN;none;1,000;1,000;NaN;NaN;1,000;0,000;0,000
2,000;normal;1,000;-1,000;0,000;NaN;NaN;NaN;NaN;none;1,000;1,000;NaN;NaN;1,000;0,000;0,000
2,000;normal;1,000;-1,000;0,000;NaN;NaN;NaN;NaN;none;1,000;1,000;NaN;NaN;1,000;0,000;0,000
2,000;normal;1,000;-1,000;0,000;NaN;NaN;NaN;NaN;none;1,000;1,000;NaN;NaN;1,000;0,000;0,000
2,000;normal;1,000;-1,000;0,000;NaN;NaN;NaN;NaN;none;1,000;1,000;NaN;NaN;1,000;0,000;0,000
2,000;normal;1,000;-1,000;0,000;NaN;NaN;NaN;NaN;none;1,000;1,000;NaN;NaN;1,000;0,000;0,000
2,000;normal;1,000;-1,000;0,000;NaN;NaN;NaN;NaN;none;1,000;1,000;NaN;NaN;1,000;0,000;0,000
2,000;normal;1,000;-1,000;0,000;NaN;NaN;NaN;NaN;none;1,000;1,000;NaN;NaN;1,000;0,000;0,000
2,000;normal;1,000;-1,000;0,000;NaN;NaN;NaN;NaN;none;1,000;1,000;NaN;NaN;1,000;0,000;0,000
2,000;normal;1,000;-1,000;0,000;NaN;NaN;NaN;NaN;none;1,000;1,000;NaN;NaN;1,000;0,000;0,000
2,000;normal;1,000;-1,000;0,000;NaN;NaN;NaN;NaN;none;1,000;1,000;NaN;NaN;1,000;0,000;0,000
2,000;normal;1,000;-1,000;0,000;NaN;NaN;NaN;NaN;none;1,000;1,000;NaN;NaN;1,000;0,000;0,000
2,000;normal;1,000;-1,000;0,000;NaN;NaN;NaN;NaN;none;1,000;1,000;NaN;NaN;1,000;0,000;0,000
2,000;normal;1,000;-1,000;0,000;NaN;NaN;NaN;NaN;none;1,000;1,000;NaN;NaN;1,000;0,000;0,000
2,000;normal;1,000;-1,000;0,000;NaN;NaN;NaN;NaN;none;1,000;1,000;NaN;NaN;1,000;0,000;0,000
2,000;normal;1,000;-1,000;0,000;NaN;NaN;NaN;NaN;none;1,000;1,000;NaN;NaN;1,000;0,000;0,000
2,000;normal;1,000;-1,000;0,000;NaN;NaN;NaN;NaN;none;1,000;1,000;NaN;NaN;1,000;0,000;0,000
2,000;normal;1,000;-1,000;0,000;NaN;NaN;NaN;NaN;none;1,000;1,000;NaN;NaN;1,000;0,000;0,000
2,000;normal;1,000;-1,000;0,000;NaN;NaN;NaN;NaN;none;1,000;1,000;NaN;NaN;1,000;0,000;0,000
2,000;normal;1,000;-1,000;0,000;NaN;NaN;NaN;NaN;none;1,000;1,000;NaN;NaN;1,000;0,000;0,000
2,000;normal;1,000;-1,000;0,000;NaN;NaN;NaN;NaN;none;1,000;1,000;NaN;NaN;1,000;1,000;1,000
2,000;normal;1,000;-1,000;0,000;NaN;NaN;NaN;NaN;none;1,000;1,000;NaN;NaN;1,000;0,000;0,000
2,000;normal;1,000;-1,000;0,000;NaN;NaN;NaN;NaN;none;1,000;1,000;NaN;NaN;1,000;0,000;0,000
2,000;normal;1,000;-1,000;0,000;NaN;NaN;NaN;NaN;none;1,000;1,000;NaN;NaN;1,000;0,000;0,000
2,000;normal;1,000;-1,000;0,000;NaN;NaN;NaN;NaN;none;1,000;1,000;NaN;NaN;1,000;0,000;0,000
2,000;normal;1,000;-1,000;0,000;NaN;NaN;NaN;NaN;none;1,000;1,000;NaN;NaN;1,000;0,000;0,000
2,000;normal;1,000;-1,000;0,000;NaN;NaN;NaN;NaN;none;1,000;1,000;NaN;NaN;1,000;0,000;0,000
2,000;normal;1,000;-1,000;0,000;NaN;NaN;NaN;NaN;none;1,000;1,000;NaN;NaN;1,000;0,000;0,000
2,000;normal;1,000;-1,000;0,000;NaN;NaN;NaN;NaN;none;1,000;1,000;NaN;NaN;1,000;0,000;0,000
2,000;normal;1,000;-1,000;0,000;NaN;NaN;NaN;NaN;none;1,000;1,000;NaN;NaN;1,000;0,000;0,000
2,000;normal;1,000;-1,000;0,000;NaN;NaN;NaN;NaN;none;1,000;1,000;NaN;NaN;1,000;0,000;0,000
2,000;normal;1,000;-1,000;0,000;NaN;NaN;NaN;NaN;none;1,000;1,000;NaN;NaN;1,000;0,000;0,000
2,000;normal;1,000;-1,000;0,000;NaN;NaN;NaN;NaN;none;1,000;1,000;NaN;NaN;1,000;0,000;0,000
2,000;normal;1,000;-1,000;0,000;NaN;NaN;NaN;NaN;none;1,000;1,000;NaN;NaN;1,000;0,000;0,000
3,000;f1;1,000;382,000;1,000;17,500;26,000;NaN;26,000;overrun;1,000;1,000;17,500;17,500;1,000;1,000;1,000
3,000;f1;2,000;328,000;1,000;15,000;26,000;NaN;26,000;overrun;2,000;1,000;17,500;17,500;1,000;1,000;1,000
3,000;f1;1,000;723,000;1,000;41,000;31,500;NaN;41,000;overrun;1,000;1,000;21,500;41,000;1,000;1,000;1,000
3,000;f1;2,000;406,000;1,000;18,500;27,500;NaN;27,500;overrun;2,000;1,000;18,500;18,500;1,000;1,000;1,000
3,000;f1;1,000;630,000;1,000;31,500;29,500;NaN;31,500;overrun;1,000;1,000;20,500;31,500;1,000;1,000;1,000
3,000;f1;2,000;393,000;1,000;24,500;31,500;NaN;31,500;overrun;2,000;1,000;21,000;24,500;1,000;1,000;1,000
3,000;f1;1,000;423,000;1,000;37,500;32,000;NaN;37,500;overrun;1,000;1,000;23,000;37,500;1,000;1,000;1,000
3,000;f1;2,000;684,000;1,000;44,000;31,000;NaN;44,000;overrun;2,000;1,000;23,000;44,000;1,000;1,000;1,000
3,000;f1;1,000;385,000;1,000;21,000;29,000;NaN;29,000;overrun;1,000;1,000;18,500;21,000;1,000;1,000;1,000
3,000;f1;2,000;302,000;1,000;13,500;25,000;NaN;25,000;overrun;2,000;1,000;16,000;16,000;1,000;1,000;1,000
3,000;f2;1,000;776,000;1,000;47,000;38,000;68,500;68,500;leak;1,000;1,000;38,000;68,500;1,000;1,000;1,000
3,000;f2;2,000;741,000;1,000;39,500;38,000;98,500;98,500;leak;2,000;1,000;38,000;98,500;1,000;1,000;1,000
3,000;f2;1,000;827,000;1,000;63,500;42,000;179,500;179,500;leak;1,000;1,000;42,000;179,500;1,000;1,000;1,000
3,000;f2;2,000;845,000;1,000;75,500;38,500;139,000;139,000;leak;2,000;1,000;38,500;139,000;1,000;1,000;1,000
3,000;f2;1,000;820,000;1,000;55,000;40,000;103,500;103,500;leak;1,000;1,000;40,000;103,500;1,000;1,000;1,000
3,000;f2;2,000;747,000;1,000;87,000;41,500;112,000;112,000;leak;2,000;1,000;41,500;112,000;1,000;1,000;1,000
3,000;f2;1,000;814,000;1,000;93,000;45,500;226,500;226,500;leak;1,000;1,000;45,500;226,500;1,000;1,000;1,000
3,000;f2;2,000;726,000;1,000;41,000;38,000;121,500;121,500;leak;2,000;1,000;38,000;121,500;1,000;1,000;1,000
3,000;f2;1,000;876,000;1,000;50,500;36,500;131,500;131,500;leak;1,000;1,000;36,500;131,500;1,000;1,000;1,000
3,000;f2;2,000;794,000;1,000;60,500;37,500;92,500;92,500;leak;2,000;1,000;37,500;92,500;1,000;1,000;1,000
3,000;f3;1,000;392,000;2,000;46,500;23,500;NaN;46,500;surge;1,000;1,000;23,500;46,500;1,000;1,000;1,000
3,000;f3;2,000;212,000;2,000;28,500;23,500;NaN;28,500;surge;2,000;1,000;22,500;28,500;1,000;1,000;1,000
3,000;f3;1,000;212,000;2,000;29,500;22,000;NaN;29,500;surge;1,000;1,000;22,000;29,500;1,000;1,000;1,000
3,000;f3;2,000;227,000;2,000;22,500;19,500;NaN;22,500;surge;2,000;1,000;19,500;22,500;1,000;1,000;1,000
3,000;f3;1,000;397,000;2,000;53,500;22,000;NaN;53,500;surge;1,000;1,000;22,000;53,500;1,000;1,000;1,000
3,000;f3;2,000;173,000;2,000;19,500;21,000;NaN;21,000;surge;2,000;1,000;18,500;19,500;1,000;1,000;1,000
3,000;f3;1,000;278,000;2,000;26,500;20,500;NaN;26,500;surge;1,000;1,000;20,500;26,500;1,000;1,000;1,000
3,000;f3;2,000;305,000;2,000;31,000;23,500;NaN;31,000;surge;2,000;1,000;23,500;31,000;1,000;1,000;1,000
3,000;f3;1,000;247,000;2,000;33,000;21,500;NaN;33,000;surge;1,000;1,000;21,500;33,000;1,000;1,000;1,000
3,000;f3;2,000;446,000;2,000;53,500;25,000;NaN;53,500;surge;2,000;1,000;25,000;53,500;1,000;1,000;1,000
3,000;f4;1,000;725,000;1,000;NaN;45,000;144,500;144,500;freeze;1,000;1,000;38,500;144,500;1,000;1,000;1,000
3,000;f4;2,000;594,000;1,000;NaN;49,000;173,000;173,000;freeze;2,000;1,000;43,000;173,000;1,000;1,000;1,000
3,000;f4;1,000;463,000;1,000;NaN;44,500;131,000;131,000;freeze;1,000;1,000;38,000;131,000;1,000;1,000;1,000
3,000;f4;2,000;610,000;1,000;NaN;49,500;128,500;128,500;freeze;2,000;1,000;39,500;128,500;1,000;1,000;1,000
3,000;f4;1,000;766,000;1,000;NaN;50,500;180,000;180,000;freeze;1,000;1,000;36,500;180,000;1,000;1,000;1,000
3,000;f4;2,000;684,000;1,000;NaN;46,000;134,000;134,000;freeze;2,000;1,000;39,000;134,000;1,000;1,000;1,000
3,000;f4;1,000;434,000;1,000;NaN;42,000;101,000;101,000;freeze;1,000;1,000;33,500;101,000;1,000;1,000;1,000
3,000;f4;2,000;749,000;1,000;NaN;46,500;123,500;123,500;freeze;2,000;1,000;38,000;123,500;1,000;1,000;1,000
3,000;f4;1,000;592,000;1,000;NaN;46,000;131,500;131,500;freeze;1,000;1,000;38,500;131,500;1,000;1,000;1,000
3,000;f4;2,000;664,000;1,000;NaN;44,000;63,000;63,000;freeze;2,000;1,000;34,500;63,000;1,000;1,000;1,000
3,000;f5;1,000;535,000;3,000;160,000;133,000;183,500;183,500;press;1,000;1,000;133,000;183,500;1,000;1,000;1,000
3,000;f5;2,000;557,000;3,000;203,500;113,000;233,000;233,000;press;2,000;1,000;113,000;233,000;1,000;1,000;1,000
3,000;f5;1,000;806,000;3,000;259,000;145,500;296,500;296,500;press;1,000;1,000;145,500;296,500;1,000;1,000;1,000
3,000;f5;2,000;647,000;3,000;192,500;180,500;210,000;210,000;press;2,000;1,000;180,500;210,000;1,000;1,000;1,000
3,000;f5;1,000;466,000;3,000;61,500;65,000;66,000;66,000;press;1,000;1,000;65,000;66,000;1,000;1,000;1,000
3,000;f5;2,000;255,000;3,000;72,000;76,000;86,000;86,000;press;2,000;1,000;76,000;86,000;1,000;1,000;1,000
3,000;f5;1,000;308,000;3,000;50,000;54,000;55,000;55,000;press;1,000;1,000;54,000;55,000;1,000;1,000;1,000
3,000;f5;2,000;836,000;3,000;313,500;139,500;356,000;356,000;press;2,000;1,000;139,500;356,000;1,000;1,000;1,000
3,000;f5;1,000;912,000;3,000;291,000;165,500;331,000;331,000;press;1,000;1,000;111,500;331,000;1,000;1,000;1,000
3,000;f5;2,000;434,000;3,000;102,500;111,000;114,500;114,500;press;2,000;1,000;111,000;114,500;1,000;1,000;1,000
3,000;f7;1,000;1004,000;2,000;215,000;30,500;422,500;422,500;recirc;1,000;1,000;30,500;422,500;1,000;1,000;1,000
3,000;f7;2,000;790,000;2,000;173,000;31,500;301,500;301,500;recirc;2,000;1,000;31,500;301,500;1,000;1,000;1,000
3,000;f7;1,000;796,000;2,000;221,000;34,500;269,500;269,500;recirc;1,000;1,000;34,500;269,500;1,000;1,000;1,000
3,000;f7;2,000;890,000;2,000;192,000;34,500;372,000;372,000;recirc;2,000;1,000;34,500;372,000;1,000;1,000;1,000
3,000;f7;1,000;523,000;2,000;103,000;88,000;103,500;103,500;recirc;1,000;1,000;88,000;103,500;1,000;1,000;1,000
3,000;f7;2,000;790,000;2,000;96,000;43,500;250,500;250,500;recirc;2,000;1,000;43,500;250,500;1,000;1,000;1,000
3,000;f7;1,000;697,000;2,000;142,500;47,500;221,500;221,500;recirc;1,000;1,000;47,500;221,500;1,000;1,000;1,000
3,000;f7;2,000;1002,000;2,000;175,500;35,000;323,000;323,000;recirc;2,000;1,000;35,000;323,000;1,000;1,000;1,000
3,000;f7;1,000;470,000;2,000;44,000;43,500;68,500;68,500;recirc;1,000;1,000;43,500;68,500;1,000;1,000;1,000
3,000;f7;2,000;427,000;2,000;61,500;51,000;89,000;89,000;recirc;2,000;1,000;51,000;89,000;1,000;1,000;1,000
3,000;f6;1,000;215,000;1,000;0,000;NaN;0,000;0,000;nan;1,000;1,000;NaN;0,000;1,000;1,000;1,000
3,000;f6;2,000;451,000;1,000;0,000;NaN;0,000;0,000;nan;2,000;1,000;NaN;0,000;1,000;1,000;1,000
3,000;f6;1,000;345,000;1,000;0,000;NaN;0,000;0,000;nan;1,000;1,000;NaN;0,000;1,000;1,000;1,000
3,000;f6;2,000;368,000;1,000;0,000;NaN;0,000;0,000;nan;2,000;1,000;NaN;0,000;1,000;1,000;1,000
3,000;f6;1,000;196,000;1,000;0,000;NaN;0,000;0,000;nan;1,000;1,000;NaN;0,000;1,000;1,000;1,000
3,000;f6;2,000;396,000;1,000;0,000;NaN;0,000;0,000;nan;2,000;1,000;NaN;0,000;1,000;1,000;1,000
3,000;f6;1,000;142,000;1,000;0,000;NaN;0,000;0,000;nan;1,000;1,000;NaN;0,000;1,000;1,000;1,000
3,000;f6;2,000;121,000;1,000;0,000;NaN;0,000;0,000;nan;2,000;1,000;NaN;0,000;1,000;1,000;1,000
3,000;f6;1,000;539,000;1,000;0,000;NaN;0,000;0,000;nan;1,000;1,000;NaN;0,000;1,000;1,000;1,000
3,000;f6;2,000;361,000;1,000;0,000;NaN;0,000;0,000;nan;2,000;1,000;NaN;0,000;1,000;1,000;1,000
3,000;normal;1,000;-1,000;0,000;NaN;NaN;NaN;NaN;none;1,000;1,000;NaN;NaN;1,000;0,000;0,000
3,000;normal;1,000;-1,000;0,000;NaN;NaN;NaN;NaN;none;1,000;1,000;NaN;NaN;1,000;0,000;0,000
3,000;normal;1,000;-1,000;0,000;NaN;NaN;NaN;NaN;none;1,000;1,000;NaN;NaN;1,000;0,000;0,000
3,000;normal;1,000;-1,000;0,000;NaN;NaN;NaN;NaN;none;1,000;1,000;NaN;NaN;1,000;0,000;0,000
3,000;normal;1,000;-1,000;0,000;NaN;NaN;NaN;NaN;none;1,000;1,000;NaN;NaN;1,000;0,000;0,000
3,000;normal;1,000;-1,000;0,000;NaN;NaN;NaN;NaN;none;1,000;1,000;NaN;NaN;1,000;0,000;0,000
3,000;normal;1,000;-1,000;0,000;NaN;NaN;NaN;NaN;none;1,000;1,000;NaN;NaN;1,000;0,000;0,000
3,000;normal;1,000;-1,000;0,000;NaN;NaN;NaN;NaN;none;1,000;1,000;NaN;NaN;1,000;1,000;0,000
3,000;normal;1,000;-1,000;0,000;NaN;NaN;NaN;NaN;none;1,000;1,000;NaN;NaN;1,000;0,000;0,000
3,000;normal;1,000;-1,000;0,000;NaN;NaN;NaN;NaN;none;1,000;1,000;NaN;NaN;1,000;0,000;0,000
3,000;normal;1,000;-1,000;0,000;NaN;NaN;NaN;NaN;none;1,000;1,000;NaN;NaN;1,000;0,000;0,000
3,000;normal;1,000;-1,000;0,000;NaN;NaN;NaN;NaN;none;1,000;1,000;NaN;NaN;1,000;0,000;0,000
3,000;normal;1,000;-1,000;0,000;NaN;NaN;NaN;NaN;none;1,000;1,000;NaN;NaN;1,000;0,000;0,000
3,000;normal;1,000;-1,000;0,000;NaN;NaN;NaN;NaN;none;1,000;1,000;NaN;NaN;1,000;0,000;0,000
3,000;normal;1,000;-1,000;0,000;NaN;NaN;NaN;NaN;none;1,000;1,000;NaN;NaN;1,000;0,000;0,000
3,000;normal;1,000;-1,000;0,000;NaN;NaN;NaN;NaN;none;1,000;1,000;NaN;NaN;1,000;0,000;0,000
3,000;normal;1,000;-1,000;0,000;NaN;NaN;NaN;NaN;none;1,000;1,000;NaN;NaN;1,000;0,000;0,000
3,000;normal;1,000;-1,000;0,000;NaN;NaN;NaN;NaN;none;1,000;1,000;NaN;NaN;1,000;0,000;0,000
3,000;normal;1,000;-1,000;0,000;NaN;NaN;NaN;NaN;none;1,000;1,000;NaN;NaN;1,000;0,000;0,000
3,000;normal;1,000;-1,000;0,000;NaN;NaN;NaN;NaN;none;1,000;1,000;NaN;NaN;1,000;0,000;0,000
3,000;normal;1,000;-1,000;0,000;NaN;NaN;NaN;NaN;none;1,000;1,000;NaN;NaN;1,000;0,000;0,000
3,000;normal;1,000;-1,000;0,000;NaN;NaN;NaN;NaN;none;1,000;1,000;NaN;NaN;1,000;0,000;0,000
3,000;normal;1,000;-1,000;0,000;NaN;NaN;NaN;NaN;none;1,000;1,000;NaN;NaN;1,000;0,000;0,000
3,000;normal;1,000;-1,000;0,000;NaN;NaN;NaN;NaN;none;1,000;1,000;NaN;NaN;1,000;0,000;0,000
3,000;normal;1,000;-1,000;0,000;NaN;NaN;NaN;NaN;none;1,000;1,000;NaN;NaN;1,000;0,000;0,000
3,000;normal;1,000;-1,000;0,000;NaN;NaN;NaN;NaN;none;1,000;1,000;NaN;NaN;1,000;0,000;0,000
3,000;normal;1,000;-1,000;0,000;NaN;NaN;NaN;NaN;none;1,000;1,000;NaN;NaN;1,000;0,000;0,000
3,000;normal;1,000;-1,000;0,000;NaN;NaN;NaN;NaN;none;1,000;1,000;NaN;NaN;1,000;0,000;0,000
3,000;normal;1,000;-1,000;0,000;NaN;NaN;NaN;NaN;none;1,000;1,000;NaN;NaN;1,000;0,000;0,000
3,000;normal;1,000;-1,000;0,000;NaN;NaN;NaN;NaN;none;1,000;1,000;NaN;NaN;1,000;0,000;0,000
3,000;normal;1,000;-1,000;0,000;NaN;NaN;NaN;NaN;none;1,000;1,000;NaN;NaN;1,000;0,000;0,000
3,000;normal;1,000;-1,000;0,000;NaN;NaN;NaN;NaN;none;1,000;1,000;NaN;NaN;1,000;1,000;0,000
3,000;normal;1,000;-1,000;0,000;NaN;NaN;NaN;NaN;none;1,000;1,000;NaN;NaN;1,000;0,000;0,000
3,000;normal;1,000;-1,000;0,000;NaN;NaN;NaN;NaN;none;1,000;1,000;NaN;NaN;1,000;1,000;0,000
3,000;normal;1,000;-1,000;0,000;NaN;NaN;NaN;NaN;none;1,000;1,000;NaN;NaN;1,000;0,000;0,000
3,000;normal;1,000;-1,000;0,000;NaN;NaN;NaN;NaN;none;1,000;1,000;NaN;NaN;1,000;0,000;0,000
3,000;normal;1,000;-1,000;0,000;NaN;NaN;NaN;NaN;none;1,000;1,000;NaN;NaN;1,000;0,000;0,000
3,000;normal;1,000;-1,000;0,000;NaN;NaN;NaN;NaN;none;1,000;1,000;NaN;NaN;1,000;0,000;0,000
3,000;normal;1,000;-1,000;0,000;NaN;NaN;NaN;NaN;none;1,000;1,000;NaN;NaN;1,000;0,000;0,000
3,000;normal;1,000;-1,000;0,000;NaN;NaN;NaN;NaN;none;1,000;1,000;NaN;NaN;1,000;0,000;0,000
3,000;normal;1,000;-1,000;0,000;NaN;NaN;NaN;NaN;none;1,000;1,000;NaN;NaN;1,000;0,000;0,000
3,000;normal;1,000;-1,000;0,000;NaN;NaN;NaN;NaN;none;1,000;1,000;NaN;NaN;1,000;0,000;0,000
3,000;normal;1,000;-1,000;0,000;NaN;NaN;NaN;NaN;none;1,000;1,000;NaN;NaN;1,000;0,000;0,000
3,000;normal;1,000;-1,000;0,000;NaN;NaN;NaN;NaN;none;1,000;1,000;NaN;NaN;1,000;0,000;0,000
3,000;normal;1,000;-1,000;0,000;NaN;NaN;NaN;NaN;none;1,000;1,000;NaN;NaN;1,000;0,000;0,000
3,000;normal;1,000;-1,000;0,000;NaN;NaN;NaN;NaN;none;1,000;1,000;NaN;NaN;1,000;0,000;0,000
3,000;normal;1,000;-1,000;0,000;NaN;NaN;NaN;NaN;none;1,000;1,000;NaN;NaN;1,000;0,000;0,000
3,000;normal;1,000;-1,000;0,000;NaN;NaN;NaN;NaN;none;1,000;1,000;NaN;NaN;1,000;0,000;0,000
3,000;normal;1,000;-1,000;0,000;NaN;NaN;NaN;NaN;none;1,000;1,000;NaN;NaN;1,000;0,000;0,000
3,000;normal;1,000;-1,000;0,000;NaN;NaN;NaN;NaN;none;1,000;1,000;NaN;NaN;1,000;0,000;0,000
4,000;f1;1,000;282,000;1,000;17,000;26,500;NaN;26,500;overrun;1,000;1,000;18,500;18,500;1,000;1,000;1,000
4,000;f1;2,000;802,000;1,000;48,000;33,500;NaN;48,000;overrun;2,000;1,000;22,500;48,000;1,000;1,000;1,000
4,000;f1;1,000;432,000;1,000;18,000;27,500;NaN;27,500;overrun;1,000;1,000;19,000;19,000;1,000;1,000;1,000
4,000;f1;2,000;639,000;1,000;33,000;30,500;NaN;33,000;overrun;2,000;1,000;20,500;33,000;1,000;1,000;1,000
4,000;f1;1,000;454,000;1,000;23,500;27,500;NaN;27,500;overrun;1,000;1,000;19,500;23,500;1,000;1,000;1,000
4,000;f1;2,000;439,000;1,000;28,500;30,000;NaN;30,000;overrun;2,000;1,000;21,500;28,500;1,000;1,000;1,000
4,000;f1;1,000;412,000;1,000;16,000;27,500;NaN;27,500;overrun;1,000;1,000;18,000;18,000;1,000;1,000;1,000
4,000;f1;2,000;561,000;1,000;47,500;33,000;NaN;47,500;overrun;2,000;1,000;23,500;47,500;1,000;1,000;1,000
4,000;f1;1,000;538,000;1,000;30,500;31,000;NaN;31,000;overrun;1,000;1,000;22,000;30,500;1,000;1,000;1,000
4,000;f1;2,000;407,000;1,000;21,500;28,500;NaN;28,500;overrun;2,000;1,000;19,500;21,500;1,000;1,000;1,000
4,000;f2;1,000;1059,000;1,000;70,500;42,000;168,000;168,000;leak;1,000;1,000;42,000;168,000;1,000;1,000;1,000
4,000;f2;2,000;910,000;1,000;65,500;42,000;166,000;166,000;leak;2,000;1,000;42,000;166,000;1,000;1,000;1,000
4,000;f2;1,000;511,000;1,000;35,500;35,000;85,000;85,000;leak;1,000;1,000;35,000;85,000;1,000;1,000;1,000
4,000;f2;2,000;679,000;1,000;58,500;40,500;98,500;98,500;leak;2,000;1,000;40,500;98,500;1,000;1,000;1,000
4,000;f2;1,000;555,000;1,000;43,500;37,000;76,000;76,000;leak;1,000;1,000;37,000;76,000;1,000;1,000;1,000
4,000;f2;2,000;834,000;1,000;72,000;41,500;188,500;188,500;leak;2,000;1,000;41,500;188,500;1,000;1,000;1,000
4,000;f2;1,000;394,000;1,000;41,000;38,500;62,000;62,000;leak;1,000;1,000;38,500;62,000;1,000;1,000;1,000
4,000;f2;2,000;877,000;1,000;41,000;37,500;63,500;63,500;leak;2,000;1,000;37,500;63,500;1,000;1,000;1,000
4,000;f2;1,000;796,000;1,000;75,000;41,500;109,500;109,500;leak;1,000;1,000;41,500;109,500;1,000;1,000;1,000
4,000;f2;2,000;725,000;1,000;64,500;36,000;154,500;154,500;leak;2,000;1,000;36,000;154,500;1,000;1,000;1,000
4,000;f3;1,000;142,000;2,000;22,000;18,500;NaN;22,000;surge;1,000;1,000;18,500;22,000;1,000;1,000;1,000
4,000;f3;2,000;465,000;2,000;64,000;26,500;NaN;64,000;surge;2,000;1,000;26,500;64,000;1,000;1,000;1,000
4,000;f3;1,000;141,000;2,000;23,500;20,000;NaN;23,500;surge;1,000;1,000;20,000;23,500;1,000;1,000;1,000
4,000;f3;2,000;266,000;2,000;27,000;20,500;NaN;27,000;surge;2,000;1,000;20,500;27,000;1,000;1,000;1,000
4,000;f3;1,000;330,000;2,000;38,000;22,000;NaN;38,000;surge;1,000;1,000;22,000;38,000;1,000;1,000;1,000
4,000;f3;2,000;270,000;2,000;21,500;17,500;NaN;21,500;surge;2,000;1,000;17,500;21,500;1,000;1,000;1,000
4,000;f3;1,000;221,000;2,000;24,500;21,500;NaN;24,500;surge;1,000;1,000;21,500;24,500;1,000;1,000;1,000
4,000;f3;2,000;377,000;2,000;45,500;20,000;NaN;45,500;surge;2,000;1,000;20,000;45,500;1,000;1,000;1,000
4,000;f3;1,000;266,000;2,000;20,500;18,000;NaN;20,500;surge;1,000;1,000;18,000;20,500;1,000;1,000;1,000
4,000;f3;2,000;225,000;2,000;27,500;18,000;NaN;27,500;surge;2,000;1,000;18,000;27,500;1,000;1,000;1,000
4,000;f4;1,000;652,000;1,000;NaN;42,000;71,000;71,000;freeze;1,000;1,000;36,500;71,000;1,000;1,000;1,000
4,000;f4;2,000;600,000;1,000;NaN;46,000;135,500;135,500;freeze;2,000;1,000;37,500;135,500;1,000;1,000;1,000
4,000;f4;1,000;831,000;1,000;NaN;50,000;171,500;171,500;freeze;1,000;1,000;39,000;171,500;1,000;1,000;1,000
4,000;f4;2,000;684,000;1,000;NaN;42,500;127,500;127,500;freeze;2,000;1,000;35,500;127,500;1,000;1,000;1,000
4,000;f4;1,000;707,000;1,000;NaN;51,000;147,500;147,500;freeze;1,000;1,000;36,500;147,500;1,000;1,000;1,000
4,000;f4;2,000;821,000;1,000;NaN;51,500;149,500;149,500;freeze;2,000;1,000;38,500;149,500;1,000;1,000;1,000
4,000;f4;1,000;608,000;1,000;NaN;43,500;96,500;96,500;freeze;1,000;1,000;36,500;96,500;1,000;1,000;1,000
4,000;f4;2,000;752,000;1,000;NaN;48,000;112,500;112,500;freeze;2,000;1,000;37,500;112,500;1,000;1,000;1,000
4,000;f4;1,000;585,000;1,000;NaN;46,000;69,000;69,000;freeze;1,000;1,000;34,000;69,000;1,000;1,000;1,000
4,000;f4;2,000;468,000;1,000;NaN;47,000;130,000;130,000;freeze;2,000;1,000;35,500;130,000;1,000;1,000;1,000
4,000;f5;1,000;585,000;3,000;192,500;108,000;220,500;220,500;press;1,000;1,000;107,500;220,500;1,000;1,000;1,000
4,000;f5;2,000;962,000;3,000;271,500;126,000;309,000;309,000;press;2,000;1,000;95,000;309,000;1,000;1,000;1,000
4,000;f5;1,000;1246,000;3,000;430,000;210,000;456,000;456,000;press;1,000;1,000;137,000;456,000;1,000;1,000;1,000
4,000;f5;2,000;468,000;3,000;109,500;117,500;120,500;120,500;press;2,000;1,000;117,500;120,500;1,000;1,000;1,000
4,000;f5;1,000;536,000;3,000;144,000;140,000;179,500;179,500;press;1,000;1,000;140,000;179,500;1,000;1,000;1,000
4,000;f5;2,000;1090,000;3,000;317,000;149,000;363,500;363,500;press;2,000;1,000;84,500;363,500;1,000;1,000;1,000
4,000;f5;1,000;1082,000;3,000;322,000;137,500;363,500;363,500;press;1,000;1,000;137,500;363,500;1,000;1,000;1,000
4,000;f5;2,000;669,000;3,000;225,500;215,500;246,000;246,000;press;2,000;1,000;215,500;246,000;1,000;1,000;1,000
4,000;f5;1,000;326,000;3,000;59,000;63,500;65,000;65,000;press;1,000;1,000;63,500;65,000;1,000;1,000;1,000
4,000;f5;2,000;566,000;3,000;163,000;131,500;183,500;183,500;press;2,000;1,000;131,500;183,500;1,000;1,000;1,000
4,000;f7;1,000;1065,000;2,000;185,500;46,500;369,500;369,500;recirc;1,000;1,000;46,500;369,500;1,000;1,000;1,000
4,000;f7;2,000;424,000;2,000;47,500;43,000;69,000;69,000;recirc;2,000;1,000;43,000;69,000;1,000;1,000;1,000
4,000;f7;1,000;978,000;2,000;188,000;41,000;376,000;376,000;recirc;1,000;1,000;41,000;376,000;1,000;1,000;1,000
4,000;f7;2,000;502,000;2,000;54,000;43,500;77,500;77,500;recirc;2,000;1,000;43,500;77,500;1,000;1,000;1,000
4,000;f7;1,000;885,000;2,000;201,500;48,000;279,000;279,000;recirc;1,000;1,000;48,000;279,000;1,000;1,000;1,000
4,000;f7;2,000;358,000;2,000;53,000;43,500;81,500;81,500;recirc;2,000;1,000;43,500;81,500;1,000;1,000;1,000
4,000;f7;1,000;627,000;2,000;163,500;50,000;230,500;230,500;recirc;1,000;1,000;50,000;230,500;1,000;1,000;1,000
4,000;f7;2,000;742,000;2,000;189,000;50,000;230,500;230,500;recirc;2,000;1,000;39,500;230,500;1,000;1,000;1,000
4,000;f7;1,000;1237,000;2,000;176,500;39,000;418,000;418,000;recirc;1,000;1,000;39,000;418,000;1,000;1,000;1,000
4,000;f7;2,000;443,000;2,000;105,500;94,500;135,000;135,000;recirc;2,000;1,000;94,500;135,000;1,000;1,000;1,000
4,000;f6;1,000;180,000;1,000;0,000;NaN;0,000;0,000;nan;1,000;1,000;NaN;0,000;1,000;1,000;1,000
4,000;f6;2,000;145,000;1,000;0,000;NaN;0,000;0,000;nan;2,000;1,000;NaN;0,000;1,000;1,000;1,000
4,000;f6;1,000;489,000;1,000;0,000;NaN;0,000;0,000;nan;1,000;1,000;NaN;0,000;1,000;1,000;1,000
4,000;f6;2,000;280,000;1,000;0,000;NaN;0,000;0,000;nan;2,000;1,000;NaN;0,000;1,000;1,000;1,000
4,000;f6;1,000;275,000;1,000;0,000;NaN;0,000;0,000;nan;1,000;1,000;NaN;0,000;1,000;1,000;1,000
4,000;f6;2,000;139,000;1,000;0,000;NaN;0,000;0,000;nan;2,000;1,000;NaN;0,000;1,000;1,000;1,000
4,000;f6;1,000;121,000;1,000;0,000;NaN;0,000;0,000;nan;1,000;1,000;NaN;0,000;1,000;1,000;1,000
4,000;f6;2,000;517,000;1,000;0,000;NaN;0,000;0,000;nan;2,000;1,000;NaN;0,000;1,000;1,000;1,000
4,000;f6;1,000;296,000;1,000;0,000;NaN;0,000;0,000;nan;1,000;1,000;NaN;0,000;1,000;1,000;1,000
4,000;f6;2,000;301,000;1,000;0,000;NaN;0,000;0,000;nan;2,000;1,000;NaN;0,000;1,000;1,000;1,000
4,000;normal;1,000;-1,000;0,000;NaN;NaN;NaN;NaN;none;1,000;1,000;NaN;NaN;1,000;0,000;0,000
4,000;normal;1,000;-1,000;0,000;NaN;NaN;NaN;NaN;none;1,000;1,000;NaN;NaN;1,000;0,000;0,000
4,000;normal;1,000;-1,000;0,000;NaN;NaN;NaN;NaN;none;1,000;1,000;NaN;NaN;1,000;0,000;0,000
4,000;normal;1,000;-1,000;0,000;NaN;NaN;NaN;NaN;none;1,000;1,000;NaN;NaN;1,000;0,000;0,000
4,000;normal;1,000;-1,000;0,000;NaN;NaN;NaN;NaN;none;1,000;1,000;NaN;NaN;1,000;0,000;0,000
4,000;normal;1,000;-1,000;0,000;NaN;NaN;NaN;NaN;none;1,000;1,000;NaN;NaN;1,000;0,000;0,000
4,000;normal;1,000;-1,000;0,000;NaN;NaN;NaN;NaN;none;1,000;1,000;NaN;NaN;1,000;0,000;0,000
4,000;normal;1,000;-1,000;0,000;NaN;NaN;NaN;NaN;none;1,000;1,000;NaN;NaN;1,000;0,000;0,000
4,000;normal;1,000;-1,000;0,000;NaN;NaN;NaN;NaN;none;1,000;1,000;NaN;NaN;1,000;0,000;0,000
4,000;normal;1,000;-1,000;0,000;NaN;NaN;NaN;NaN;none;1,000;1,000;NaN;NaN;1,000;0,000;0,000
4,000;normal;1,000;-1,000;0,000;NaN;NaN;NaN;NaN;none;1,000;1,000;NaN;NaN;1,000;0,000;0,000
4,000;normal;1,000;-1,000;0,000;NaN;NaN;NaN;NaN;none;1,000;1,000;NaN;NaN;1,000;0,000;0,000
4,000;normal;1,000;-1,000;0,000;NaN;NaN;NaN;NaN;none;1,000;1,000;NaN;NaN;1,000;0,000;0,000
4,000;normal;1,000;-1,000;0,000;NaN;NaN;NaN;NaN;none;1,000;1,000;NaN;NaN;1,000;0,000;0,000
4,000;normal;1,000;-1,000;0,000;NaN;NaN;NaN;NaN;none;1,000;1,000;NaN;NaN;1,000;0,000;0,000
4,000;normal;1,000;-1,000;0,000;NaN;NaN;NaN;NaN;none;1,000;1,000;NaN;NaN;1,000;0,000;0,000
4,000;normal;1,000;-1,000;0,000;NaN;NaN;NaN;NaN;none;1,000;1,000;NaN;NaN;1,000;0,000;0,000
4,000;normal;1,000;-1,000;0,000;NaN;NaN;NaN;NaN;none;1,000;1,000;NaN;NaN;1,000;0,000;0,000
4,000;normal;1,000;-1,000;0,000;NaN;NaN;NaN;NaN;none;1,000;1,000;NaN;NaN;1,000;0,000;0,000
4,000;normal;1,000;-1,000;0,000;NaN;NaN;NaN;NaN;none;1,000;1,000;NaN;NaN;1,000;0,000;0,000
4,000;normal;1,000;-1,000;0,000;NaN;NaN;NaN;NaN;none;1,000;1,000;NaN;NaN;1,000;0,000;0,000
4,000;normal;1,000;-1,000;0,000;NaN;NaN;NaN;NaN;none;1,000;1,000;NaN;NaN;1,000;0,000;0,000
4,000;normal;1,000;-1,000;0,000;NaN;NaN;NaN;NaN;none;1,000;1,000;NaN;NaN;1,000;0,000;0,000
4,000;normal;1,000;-1,000;0,000;NaN;NaN;NaN;NaN;none;1,000;1,000;NaN;NaN;1,000;0,000;0,000
4,000;normal;1,000;-1,000;0,000;NaN;NaN;NaN;NaN;none;1,000;1,000;NaN;NaN;1,000;0,000;0,000
4,000;normal;1,000;-1,000;0,000;NaN;NaN;NaN;NaN;none;1,000;1,000;NaN;NaN;1,000;0,000;0,000
4,000;normal;1,000;-1,000;0,000;NaN;NaN;NaN;NaN;none;1,000;1,000;NaN;NaN;1,000;0,000;0,000
4,000;normal;1,000;-1,000;0,000;NaN;NaN;NaN;NaN;none;1,000;1,000;NaN;NaN;1,000;0,000;0,000
4,000;normal;1,000;-1,000;0,000;NaN;NaN;NaN;NaN;none;1,000;1,000;NaN;NaN;1,000;1,000;0,000
4,000;normal;1,000;-1,000;0,000;NaN;NaN;NaN;NaN;none;1,000;1,000;NaN;NaN;1,000;0,000;0,000
4,000;normal;1,000;-1,000;0,000;NaN;NaN;NaN;NaN;none;1,000;1,000;NaN;NaN;1,000;1,000;1,000
4,000;normal;1,000;-1,000;0,000;NaN;NaN;NaN;NaN;none;1,000;1,000;NaN;NaN;1,000;0,000;0,000
4,000;normal;1,000;-1,000;0,000;NaN;NaN;NaN;NaN;none;1,000;1,000;NaN;NaN;1,000;0,000;0,000
4,000;normal;1,000;-1,000;0,000;NaN;NaN;NaN;NaN;none;1,000;1,000;NaN;NaN;1,000;0,000;0,000
4,000;normal;1,000;-1,000;0,000;NaN;NaN;NaN;NaN;none;1,000;1,000;NaN;NaN;1,000;0,000;0,000
4,000;normal;1,000;-1,000;0,000;NaN;NaN;NaN;NaN;none;1,000;1,000;NaN;NaN;1,000;0,000;0,000
4,000;normal;1,000;-1,000;0,000;NaN;NaN;NaN;NaN;none;1,000;1,000;NaN;NaN;1,000;0,000;0,000
4,000;normal;1,000;-1,000;0,000;NaN;NaN;NaN;NaN;none;1,000;1,000;NaN;NaN;1,000;0,000;0,000
4,000;normal;1,000;-1,000;0,000;NaN;NaN;NaN;NaN;none;1,000;1,000;NaN;NaN;1,000;0,000;0,000
4,000;normal;1,000;-1,000;0,000;NaN;NaN;NaN;NaN;none;1,000;1,000;NaN;NaN;1,000;0,000;0,000
4,000;normal;1,000;-1,000;0,000;NaN;NaN;NaN;NaN;none;1,000;1,000;NaN;NaN;1,000;0,000;0,000
4,000;normal;1,000;-1,000;0,000;NaN;NaN;NaN;NaN;none;1,000;1,000;NaN;NaN;1,000;0,000;0,000
4,000;normal;1,000;-1,000;0,000;NaN;NaN;NaN;NaN;none;1,000;1,000;NaN;NaN;1,000;0,000;0,000
4,000;normal;1,000;-1,000;0,000;NaN;NaN;NaN;NaN;none;1,000;1,000;NaN;NaN;1,000;0,000;0,000
4,000;normal;1,000;-1,000;0,000;NaN;NaN;NaN;NaN;none;1,000;1,000;NaN;NaN;1,000;0,000;0,000
4,000;normal;1,000;-1,000;0,000;NaN;NaN;NaN;NaN;none;1,000;1,000;NaN;NaN;1,000;0,000;0,000
4,000;normal;1,000;-1,000;0,000;NaN;NaN;NaN;NaN;none;1,000;1,000;NaN;NaN;1,000;0,000;0,000
4,000;normal;1,000;-1,000;0,000;NaN;NaN;NaN;NaN;none;1,000;1,000;NaN;NaN;1,000;0,000;0,000
4,000;normal;1,000;-1,000;0,000;NaN;NaN;NaN;NaN;none;1,000;1,000;NaN;NaN;1,000;0,000;0,000
4,000;normal;1,000;-1,000;0,000;NaN;NaN;NaN;NaN;none;1,000;1,000;NaN;NaN;1,000;0,000;0,000
5,000;f1;1,000;530,000;1,000;26,000;28,500;NaN;28,500;overrun;1,000;1,000;21,500;26,000;1,000;1,000;1,000
5,000;f1;2,000;560,000;1,000;32,000;28,500;NaN;32,000;overrun;2,000;1,000;21,000;32,000;1,000;1,000;1,000
5,000;f1;1,000;749,000;1,000;37,500;32,000;NaN;37,500;overrun;1,000;1,000;22,500;37,500;1,000;1,000;1,000
5,000;f1;2,000;492,000;1,000;31,000;30,000;NaN;31,000;overrun;2,000;1,000;22,500;31,000;1,000;1,000;1,000
5,000;f1;1,000;558,000;1,000;39,500;30,500;NaN;39,500;overrun;1,000;1,000;21,000;39,500;1,000;1,000;1,000
5,000;f1;2,000;703,000;1,000;33,500;27,000;NaN;33,500;overrun;2,000;1,000;21,500;33,500;1,000;1,000;1,000
5,000;f1;1,000;745,000;1,000;36,000;28,500;NaN;36,000;overrun;1,000;1,000;21,500;36,000;1,000;1,000;1,000
5,000;f1;2,000;824,000;1,000;41,000;32,500;NaN;41,000;overrun;2,000;1,000;23,000;41,000;1,000;1,000;1,000
5,000;f1;1,000;610,000;1,000;26,500;33,000;NaN;33,000;overrun;1,000;1,000;21,000;26,500;1,000;1,000;1,000
5,000;f1;2,000;394,000;1,000;21,500;29,500;NaN;29,500;overrun;2,000;1,000;19,000;21,500;1,000;1,000;1,000
5,000;f2;1,000;734,000;1,000;66,500;43,000;95,500;95,500;leak;1,000;1,000;43,000;95,500;1,000;1,000;1,000
5,000;f2;2,000;883,000;1,000;80,000;46,000;159,000;159,000;leak;2,000;1,000;46,000;159,000;1,000;1,000;1,000
5,000;f2;1,000;622,000;1,000;34,500;35,500;66,500;66,500;leak;1,000;1,000;35,500;66,500;1,000;1,000;1,000
5,000;f2;2,000;858,000;1,000;38,000;37,000;66,500;66,500;leak;2,000;1,000;37,000;66,500;1,000;1,000;1,000
5,000;f2;1,000;1035,000;1,000;95,500;45,500;148,500;148,500;leak;1,000;1,000;45,500;148,500;1,000;1,000;1,000
5,000;f2;2,000;783,000;1,000;80,000;42,500;86,000;86,000;leak;2,000;1,000;42,500;86,000;1,000;1,000;1,000
5,000;f2;1,000;632,000;1,000;38,000;38,000;73,000;73,000;leak;1,000;1,000;38,000;73,000;1,000;1,000;1,000
5,000;f2;2,000;903,000;1,000;92,000;49,500;126,500;126,500;leak;2,000;1,000;49,500;126,500;1,000;1,000;1,000
5,000;f2;1,000;831,000;1,000;61,000;40,000;153,000;153,000;leak;1,000;1,000;40,000;153,000;1,000;1,000;1,000
5,000;f2;2,000;837,000;1,000;51,500;39,000;98,000;98,000;leak;2,000;1,000;39,000;98,000;1,000;1,000;1,000
5,000;f3;1,000;196,000;2,000;20,000;17,500;NaN;20,000;surge;1,000;1,000;17,500;20,000;1,000;1,000;1,000
5,000;f3;2,000;275,000;2,000;55,000;27,000;NaN;55,000;surge;2,000;1,000;27,000;55,000;1,000;1,000;1,000
5,000;f3;1,000;320,000;2,000;23,500;21,000;NaN;23,500;surge;1,000;1,000;18,000;23,500;1,000;1,000;1,000
5,000;f3;2,000;223,000;2,000;23,500;21,000;NaN;23,500;surge;2,000;1,000;17,000;23,500;1,000;1,000;1,000
5,000;f3;1,000;320,000;2,000;25,500;20,000;NaN;25,500;surge;1,000;1,000;20,000;25,500;1,000;1,000;1,000
5,000;f3;2,000;238,000;2,000;20,000;18,000;NaN;20,000;surge;2,000;1,000;18,000;20,000;1,000;1,000;1,000
5,000;f3;1,000;346,000;2,000;55,000;35,000;NaN;55,000;surge;1,000;1,000;28,500;55,000;1,000;1,000;1,000
5,000;f3;2,000;214,000;2,000;25,000;21,500;NaN;25,000;surge;2,000;1,000;21,500;25,000;1,000;1,000;1,000
5,000;f3;1,000;313,000;2,000;19,500;18,500;NaN;19,500;surge;1,000;1,000;18,500;19,500;1,000;1,000;1,000
5,000;f3;2,000;429,000;2,000;50,500;25,000;NaN;50,500;surge;2,000;1,000;25,000;50,500;1,000;1,000;1,000
5,000;f4;1,000;781,000;1,000;NaN;47,000;76,000;76,000;freeze;1,000;1,000;39,000;76,000;1,000;1,000;1,000
5,000;f4;2,000;779,000;1,000;NaN;47,000;146,000;146,000;freeze;2,000;1,000;38,000;146,000;1,000;1,000;1,000
5,000;f4;1,000;556,000;1,000;NaN;44,500;96,000;96,000;freeze;1,000;1,000;36,000;96,000;1,000;1,000;1,000
5,000;f4;2,000;454,000;1,000;NaN;43,000;104,000;104,000;freeze;2,000;1,000;31,500;104,000;1,000;1,000;1,000
5,000;f4;1,000;565,000;1,000;NaN;42,500;125,500;125,500;freeze;1,000;1,000;39,000;125,500;1,000;1,000;1,000
5,000;f4;2,000;537,000;1,000;NaN;43,500;65,500;65,500;freeze;2,000;1,000;35,000;65,500;1,000;1,000;1,000
5,000;f4;1,000;436,000;1,000;NaN;44,000;71,000;71,000;freeze;1,000;1,000;35,500;71,000;1,000;1,000;1,000
5,000;f4;2,000;488,000;1,000;NaN;43,500;62,000;62,000;freeze;2,000;1,000;34,000;62,000;1,000;1,000;1,000
5,000;f4;1,000;712,000;1,000;NaN;49,500;138,500;138,500;freeze;1,000;1,000;35,500;138,500;1,000;1,000;1,000
5,000;f4;2,000;683,000;1,000;NaN;48,000;102,000;102,000;freeze;2,000;1,000;38,000;102,000;1,000;1,000;1,000
5,000;f5;1,000;727,000;3,000;210,000;146,000;232,500;232,500;press;1,000;1,000;80,000;232,500;1,000;1,000;1,000
5,000;f5;2,000;525,000;3,000;158,500;139,500;180,500;180,500;press;2,000;1,000;139,500;180,500;1,000;1,000;1,000
5,000;f5;1,000;1095,000;3,000;409,000;186,000;468,000;468,000;press;1,000;1,000;142,000;468,000;1,000;1,000;1,000
5,000;f5;2,000;1220,000;3,000;383,000;109,500;408,500;408,500;press;2,000;1,000;109,500;408,500;1,000;1,000;1,000
5,000;f5;1,000;896,000;3,000;339,500;181,000;358,000;358,000;press;1,000;1,000;110,000;358,000;1,000;1,000;1,000
5,000;f5;2,000;478,000;3,000;90,500;97,000;99,500;99,500;press;2,000;1,000;97,000;99,500;1,000;1,000;1,000
5,000;f5;1,000;322,000;3,000;92,000;86,000;114,000;114,000;press;1,000;1,000;86,000;114,000;1,000;1,000;1,000
5,000;f5;2,000;886,000;3,000;229,500;126,500;262,500;262,500;press;2,000;1,000;117,000;262,500;1,000;1,000;1,000
5,000;f5;1,000;513,000;3,000;83,500;91,000;93,500;93,500;press;1,000;1,000;91,000;93,500;1,000;1,000;1,000
5,000;f5;2,000;731,000;3,000;254,500;142,000;287,500;287,500;press;2,000;1,000;102,000;287,500;1,000;1,000;1,000
5,000;f7;1,000;331,000;2,000;47,500;43,000;90,000;90,000;recirc;1,000;1,000;43,000;90,000;1,000;1,000;1,000
5,000;f7;2,000;1133,000;2,000;164,000;71,000;392,000;392,000;recirc;2,000;1,000;71,000;392,000;1,000;1,000;1,000
5,000;f7;1,000;437,000;2,000;48,000;36,000;75,000;75,000;recirc;1,000;1,000;36,000;75,000;1,000;1,000;1,000
5,000;f7;2,000;1061,000;2,000;195,000;26,000;387,500;387,500;recirc;2,000;1,000;26,000;387,500;1,000;1,000;1,000
5,000;f7;1,000;805,000;2,000;148,000;46,500;255,500;255,500;recirc;1,000;1,000;46,500;255,500;1,000;1,000;1,000
5,000;f7;2,000;1289,000;2,000;150,000;25,500;457,000;457,000;recirc;2,000;1,000;25,500;457,000;1,000;1,000;1,000
5,000;f7;1,000;1130,000;2,000;158,500;37,500;352,500;352,500;recirc;1,000;1,000;37,500;352,500;1,000;1,000;1,000
5,000;f7;2,000;766,000;2,000;179,000;69,000;278,500;278,500;recirc;2,000;1,000;36,000;278,500;1,000;1,000;1,000
5,000;f7;1,000;424,000;2,000;46,500;36,500;91,000;91,000;recirc;1,000;1,000;36,500;91,000;1,000;1,000;1,000
5,000;f7;2,000;506,000;2,000;76,500;69,000;146,500;146,500;recirc;2,000;1,000;69,000;146,500;1,000;1,000;1,000
5,000;f6;1,000;591,000;1,000;0,000;NaN;0,000;0,000;nan;1,000;1,000;NaN;0,000;1,000;1,000;1,000
5,000;f6;2,000;187,000;1,000;0,000;NaN;0,000;0,000;nan;2,000;1,000;NaN;0,000;1,000;1,000;1,000
5,000;f6;1,000;464,000;1,000;0,000;NaN;0,000;0,000;nan;1,000;1,000;NaN;0,000;1,000;1,000;1,000
5,000;f6;2,000;511,000;1,000;0,000;NaN;0,000;0,000;nan;2,000;1,000;NaN;0,000;1,000;1,000;1,000
5,000;f6;1,000;347,000;1,000;0,000;NaN;0,000;0,000;nan;1,000;1,000;NaN;0,000;1,000;1,000;1,000
5,000;f6;2,000;535,000;1,000;0,000;NaN;0,000;0,000;nan;2,000;1,000;NaN;0,000;1,000;1,000;1,000
5,000;f6;1,000;339,000;1,000;0,000;NaN;0,000;0,000;nan;1,000;1,000;NaN;0,000;1,000;1,000;1,000
5,000;f6;2,000;519,000;1,000;0,000;NaN;0,000;0,000;nan;2,000;1,000;NaN;0,000;1,000;1,000;1,000
5,000;f6;1,000;409,000;1,000;0,000;NaN;0,000;0,000;nan;1,000;1,000;NaN;0,000;1,000;1,000;1,000
5,000;f6;2,000;257,000;1,000;0,000;NaN;0,000;0,000;nan;2,000;1,000;NaN;0,000;1,000;1,000;1,000
5,000;normal;1,000;-1,000;0,000;NaN;NaN;NaN;NaN;none;1,000;1,000;NaN;NaN;1,000;0,000;0,000
5,000;normal;1,000;-1,000;0,000;NaN;NaN;NaN;NaN;none;1,000;1,000;NaN;NaN;1,000;0,000;0,000
5,000;normal;1,000;-1,000;0,000;NaN;NaN;NaN;NaN;none;1,000;1,000;NaN;NaN;1,000;1,000;0,000
5,000;normal;1,000;-1,000;0,000;NaN;NaN;NaN;NaN;none;1,000;1,000;NaN;NaN;1,000;1,000;1,000
5,000;normal;1,000;-1,000;0,000;NaN;NaN;NaN;NaN;none;1,000;1,000;NaN;NaN;1,000;0,000;0,000
5,000;normal;1,000;-1,000;0,000;NaN;NaN;NaN;NaN;none;1,000;1,000;NaN;NaN;1,000;0,000;0,000
5,000;normal;1,000;-1,000;0,000;NaN;NaN;NaN;NaN;none;1,000;1,000;NaN;NaN;1,000;0,000;0,000
5,000;normal;1,000;-1,000;0,000;NaN;NaN;NaN;NaN;none;1,000;1,000;NaN;NaN;1,000;0,000;0,000
5,000;normal;1,000;-1,000;0,000;NaN;NaN;NaN;NaN;none;1,000;1,000;NaN;NaN;1,000;0,000;0,000
5,000;normal;1,000;-1,000;0,000;NaN;NaN;NaN;NaN;none;1,000;1,000;NaN;NaN;1,000;0,000;0,000
5,000;normal;1,000;-1,000;0,000;NaN;NaN;NaN;NaN;none;1,000;1,000;NaN;NaN;1,000;0,000;0,000
5,000;normal;1,000;-1,000;0,000;NaN;NaN;NaN;NaN;none;1,000;1,000;NaN;NaN;1,000;0,000;0,000
5,000;normal;1,000;-1,000;0,000;NaN;NaN;NaN;NaN;none;1,000;1,000;NaN;NaN;1,000;0,000;0,000
5,000;normal;1,000;-1,000;0,000;NaN;NaN;NaN;NaN;none;1,000;1,000;NaN;NaN;1,000;0,000;0,000
5,000;normal;1,000;-1,000;0,000;NaN;NaN;NaN;NaN;none;1,000;1,000;NaN;NaN;1,000;0,000;0,000
5,000;normal;1,000;-1,000;0,000;NaN;NaN;NaN;NaN;none;1,000;1,000;NaN;NaN;1,000;0,000;0,000
5,000;normal;1,000;-1,000;0,000;NaN;NaN;NaN;NaN;none;1,000;1,000;NaN;NaN;1,000;0,000;0,000
5,000;normal;1,000;-1,000;0,000;NaN;NaN;NaN;NaN;none;1,000;1,000;NaN;NaN;1,000;0,000;0,000
5,000;normal;1,000;-1,000;0,000;NaN;NaN;NaN;NaN;none;1,000;1,000;NaN;NaN;1,000;1,000;1,000
5,000;normal;1,000;-1,000;0,000;NaN;NaN;NaN;NaN;none;1,000;1,000;NaN;NaN;1,000;0,000;0,000
5,000;normal;1,000;-1,000;0,000;NaN;NaN;NaN;NaN;none;1,000;1,000;NaN;NaN;1,000;0,000;0,000
5,000;normal;1,000;-1,000;0,000;NaN;NaN;NaN;NaN;none;1,000;1,000;NaN;NaN;1,000;0,000;0,000
5,000;normal;1,000;-1,000;0,000;NaN;NaN;NaN;NaN;none;1,000;1,000;NaN;NaN;1,000;0,000;0,000
5,000;normal;1,000;-1,000;0,000;NaN;NaN;NaN;NaN;none;1,000;1,000;NaN;NaN;1,000;0,000;0,000
5,000;normal;1,000;-1,000;0,000;NaN;NaN;NaN;NaN;none;1,000;1,000;NaN;NaN;1,000;1,000;0,000
5,000;normal;1,000;-1,000;0,000;NaN;NaN;NaN;NaN;none;1,000;1,000;NaN;NaN;1,000;0,000;0,000
5,000;normal;1,000;-1,000;0,000;NaN;NaN;NaN;NaN;none;1,000;1,000;NaN;NaN;1,000;0,000;0,000
5,000;normal;1,000;-1,000;0,000;NaN;NaN;NaN;NaN;none;1,000;1,000;NaN;NaN;1,000;1,000;0,000
5,000;normal;1,000;-1,000;0,000;NaN;NaN;NaN;NaN;none;1,000;1,000;NaN;NaN;1,000;0,000;0,000
5,000;normal;1,000;-1,000;0,000;NaN;NaN;NaN;NaN;none;1,000;1,000;NaN;NaN;1,000;0,000;0,000
5,000;normal;1,000;-1,000;0,000;NaN;NaN;NaN;NaN;none;1,000;1,000;NaN;NaN;1,000;0,000;0,000
5,000;normal;1,000;-1,000;0,000;NaN;NaN;NaN;NaN;none;1,000;1,000;NaN;NaN;1,000;0,000;0,000
5,000;normal;1,000;-1,000;0,000;NaN;NaN;NaN;NaN;none;1,000;1,000;NaN;NaN;1,000;0,000;0,000
5,000;normal;1,000;-1,000;0,000;NaN;NaN;NaN;NaN;none;1,000;1,000;NaN;NaN;1,000;0,000;0,000
5,000;normal;1,000;-1,000;0,000;NaN;NaN;NaN;NaN;none;1,000;1,000;NaN;NaN;1,000;0,000;0,000
5,000;normal;1,000;-1,000;0,000;NaN;NaN;NaN;NaN;none;1,000;1,000;NaN;NaN;1,000;0,000;0,000
5,000;normal;1,000;-1,000;0,000;NaN;NaN;NaN;NaN;none;1,000;1,000;NaN;NaN;1,000;0,000;0,000
5,000;normal;1,000;-1,000;0,000;NaN;NaN;NaN;NaN;none;1,000;1,000;NaN;NaN;1,000;0,000;0,000
5,000;normal;1,000;-1,000;0,000;NaN;NaN;NaN;NaN;none;1,000;1,000;NaN;NaN;1,000;0,000;0,000
5,000;normal;1,000;-1,000;0,000;NaN;NaN;NaN;NaN;none;1,000;1,000;NaN;NaN;1,000;0,000;0,000
5,000;normal;1,000;-1,000;0,000;NaN;NaN;NaN;NaN;none;1,000;1,000;NaN;NaN;1,000;0,000;0,000
5,000;normal;1,000;-1,000;0,000;NaN;NaN;NaN;NaN;none;1,000;1,000;NaN;NaN;1,000;0,000;0,000
5,000;normal;1,000;-1,000;0,000;NaN;NaN;NaN;NaN;none;1,000;1,000;NaN;NaN;1,000;0,000;0,000
5,000;normal;1,000;-1,000;0,000;NaN;NaN;NaN;NaN;none;1,000;1,000;NaN;NaN;1,000;1,000;0,000
5,000;normal;1,000;-1,000;0,000;NaN;NaN;NaN;NaN;none;1,000;1,000;NaN;NaN;1,000;0,000;0,000
5,000;normal;1,000;-1,000;0,000;NaN;NaN;NaN;NaN;none;1,000;1,000;NaN;NaN;1,000;0,000;0,000
5,000;normal;1,000;-1,000;0,000;NaN;NaN;NaN;NaN;none;1,000;1,000;NaN;NaN;1,000;0,000;0,000
5,000;normal;1,000;-1,000;0,000;NaN;NaN;NaN;NaN;none;1,000;1,000;NaN;NaN;1,000;0,000;0,000
5,000;normal;1,000;-1,000;0,000;NaN;NaN;NaN;NaN;none;1,000;1,000;NaN;NaN;1,000;0,000;0,000
5,000;normal;1,000;-1,000;0,000;NaN;NaN;NaN;NaN;none;1,000;1,000;NaN;NaN;1,000;1,000;0,000
